left_instance_id,right_instance_id,score
62927,643950,1.0
708271,1110120,1.0
187319,935955,1.0
366300,479117,1.0
273052,612590,1.0
473804,810881,1.0
566089,662811,1.0
179139,387006,1.0
372165,1065772,1.0
250350,1113458,1.0
426451,865656,1.0
77029,962064,1.0
195904,584986,1.0
858110,1167555,1.0
109559,869083,1.0
408502,913052,1.0
739278,988475,1.0
153096,894755,1.0
177332,1042264,1.0
3233,86845,1.0
16006,553014,1.0
447640,901003,1.0
404990,1123959,1.0
428967,936053,1.0
252994,986752,1.0
689358,1106422,1.0
739455,1018221,1.0
758344,851410,1.0
298847,563424,1.0
94708,457491,1.0
31326,1156578,1.0
374403,783340,1.0
71920,742273,1.0
345880,1202669,1.0
843892,1112386,1.0
269230,458492,1.0
54773,760342,1.0
491009,608987,1.0
535708,917546,1.0
180045,1094847,1.0
82987,712179,1.0
366618,543802,1.0
223434,279619,1.0
148631,543647,1.0
514890,894669,1.0
124752,535880,1.0
658025,1103661,1.0
60061,1042299,1.0
269230,978481,1.0
737955,803882,1.0
117265,963483,1.0
293390,955387,1.0
698422,714029,1.0
376471,409715,1.0
379532,536127,1.0
758494,1039119,1.0
476935,1136369,1.0
615745,653815,1.0
154217,337548,1.0
626933,648794,1.0
701428,1048766,1.0
804777,1044503,1.0
476435,1086234,1.0
889223,1077172,1.0
96086,322825,1.0
18852,74481,1.0
571388,672110,1.0
439889,1157237,1.0
918420,1185370,1.0
614247,1001898,1.0
548848,684821,1.0
939933,1127641,1.0
779444,834934,1.0
153055,550427,1.0
204194,1147681,1.0
148631,757704,1.0
966955,1084803,1.0
367660,1188362,1.0
270354,415812,1.0
175022,492739,1.0
51751,149320,1.0
660708,715030,1.0
887210,1017123,1.0
672751,758030,1.0
707439,945036,1.0
47569,108097,1.0
667402,980957,1.0
461105,1017758,1.0
262011,345996,1.0
148648,281490,1.0
366555,845032,1.0
594216,723126,1.0
446415,796517,1.0
856645,991583,1.0
756495,1088780,1.0
394097,794059,1.0
786727,1137173,1.0
672751,1113963,1.0
895242,1131810,1.0
471902,927108,1.0
666249,750524,1.0
729122,1040986,1.0
457176,1056147,1.0
335208,847049,1.0
569381,1131983,1.0
168378,317453,1.0
449980,557293,1.0
53713,65442,1.0
1017192,1107470,1.0
737125,799551,1.0
364167,427531,1.0
530065,713339,1.0
443150,452479,1.0
169045,418013,1.0
962145,1050549,1.0
266803,650021,1.0
784997,1066929,1.0
660393,888932,1.0
402203,1028606,1.0
303238,521109,1.0
392031,964143,1.0
727261,1077555,1.0
468652,866267,1.0
75804,1196320,1.0
74481,1122472,1.0
793834,1190533,1.0
623978,1209471,1.0
486017,1184348,1.0
311540,863820,1.0
490323,775265,1.0
86542,1027875,1.0
172345,522146,1.0
597075,906752,1.0
792738,932308,1.0
71381,151167,1.0
12107,527214,1.0
70696,332779,1.0
783884,1104174,1.0
895085,1130451,1.0
453707,652202,1.0
820745,1126948,1.0
269230,1117350,1.0
314110,929588,1.0
475864,550979,1.0
15719,939807,1.0
238907,271923,1.0
1044065,1212230,1.0
504914,1166277,1.0
18852,1122472,1.0
786608,797527,1.0
416758,1011105,1.0
446921,1203576,1.0
450050,991357,1.0
54119,1140824,1.0
2244,454415,1.0
531740,1077593,1.0
428967,475864,1.0
981728,1115157,1.0
895029,1104830,1.0
570472,645952,1.0
456818,752766,1.0
241208,568620,1.0
889669,1004259,1.0
197332,791804,1.0
177477,341597,1.0
974153,1150190,1.0
651513,996994,1.0
191035,384497,1.0
626333,672083,1.0
60252,510622,1.0
230489,403966,1.0
137432,435442,1.0
248521,588758,1.0
705705,770193,1.0
435964,789352,1.0
75804,685492,1.0
581047,786844,1.0
160607,884123,1.0
72067,155168,1.0
695203,919349,1.0
299896,1053258,1.0
385301,447829,1.0
289267,1025354,1.0
116894,133227,1.0
458492,1134963,1.0
618482,918818,1.0
341597,581962,1.0
685492,1196320,1.0
884106,1191781,1.0
509408,1207849,1.0
45981,587066,1.0
38480,229418,1.0
175606,362398,1.0
104425,795856,1.0
835116,864807,1.0
49177,563488,1.0
123857,1105561,1.0
916774,1060112,1.0
476365,751142,1.0
111266,881310,1.0
930665,1075314,1.0
25174,70469,1.0
730688,792675,1.0
337353,606341,1.0
472753,1051610,1.0
188132,989839,1.0
179497,1057005,1.0
475864,936053,1.0
78301,454372,1.0
639901,747973,1.0
140306,972290,1.0
607966,795727,1.0
385789,545058,1.0
338228,972991,1.0
597743,1015893,1.0
180628,726263,1.0
224870,284933,1.0
31779,840570,1.0
672751,1113963,1.0
203799,714289,1.0
308901,960069,1.0
930665,1075314,1.0
568667,982836,1.0
429810,870143,1.0
978481,1134963,1.0
689358,1126948,1.0
381559,972386,1.0
98775,335820,1.0
1044065,1212230,1.0
600922,782206,1.0
529606,707507,1.0
562738,1136316,1.0
218957,776976,1.0
79731,689133,1.0
1106422,1126948,1.0
465352,624773,1.0
68296,1036926,1.0
672751,758030,1.0
450924,1039258,1.0
702173,1115910,1.0
816998,918621,1.0
124131,960901,1.0
347263,1182377,1.0
551867,915812,1.0
214249,1138185,1.0
365144,396476,1.0
97504,669505,1.0
148972,923102,1.0
937667,1127748,1.0
805961,979883,1.0
61849,698552,1.0
16240,468076,1.0
670179,889084,1.0
519141,856645,1.0
793834,1190533,1.0
499657,1160846,1.0
258892,486357,1.0
993124,1036612,1.0
64929,351175,1.0
340240,866237,1.0
149781,577922,1.0
509917,636246,1.0
810967,855054,1.0
943549,954147,1.0
109377,498794,1.0
677787,1180312,1.0
531664,836388,1.0
425105,845791,1.0
706713,1058184,1.0
88606,691063,1.0
207532,869193,1.0
248488,407300,1.0
230477,427034,1.0
778978,1202669,1.0
758030,1113963,1.0
758030,1113963,1.0
649784,1107100,1.0
476365,751142,1.0
821522,1114502,1.0
287775,1071841,1.0
432231,1009867,1.0
499028,1205038,1.0
362984,1042307,1.0
56583,485066,1.0
800439,1192600,1.0
806628,919604,1.0
300829,415736,1.0
201790,231065,1.0
543647,757704,1.0
978481,1117350,1.0
1011370,1195678,1.0
245660,1106842,1.0
337548,655666,1.0
7644,1117925,1.0
701796,912267,1.0
285172,854244,1.0
739301,751199,1.0
405060,807828,1.0
692722,1147910,1.0
647215,917223,1.0
458492,978481,1.0
282566,598728,1.0
59921,1210698,1.0
623181,1003394,1.0
78301,853266,1.0
300125,811557,1.0
503510,742514,1.0
880309,1205365,1.0
854255,1102466,1.0
139053,1062551,1.0
521874,676431,1.0
127779,761128,1.0
418962,932072,1.0
286016,865766,1.0
244060,385084,1.0
724654,1103363,1.0
406193,860878,1.0
177477,581962,1.0
6268,485001,1.0
4216,766615,1.0
43011,958702,1.0
78301,421049,1.0
1117350,1134963,1.0
701428,1048766,1.0
881716,1120385,1.0
845488,879839,1.0
48662,164475,1.0
428967,550979,1.0
279844,1003037,1.0
155074,918821,1.0
370476,392708,1.0
586081,1050636,1.0
378496,1119533,1.0
550263,759535,1.0
639454,1037595,1.0
389819,447282,1.0
425105,845791,1.0
49983,852031,1.0
573346,615365,1.0
345880,778978,1.0
1120760,1195485,1.0
139267,865513,1.0
6221,927847,1.0
453815,894229,1.0
288482,936531,1.0
454372,853266,1.0
729366,1164934,1.0
295618,1124481,1.0
186707,1082542,1.0
110020,1140527,1.0
269230,1134963,1.0
421049,853266,1.0
391371,889067,1.0
20960,836720,1.0
324575,820898,1.0
154217,655666,1.0
653854,713552,1.0
469315,577588,1.0
259785,1202955,1.0
421049,454372,1.0
124961,151034,1.0
625605,673299,1.0
32994,829803,1.0
611017,918420,1.0
689358,820745,1.0
272720,755686,1.0
519141,991583,1.0
206476,804127,1.0
498680,1176981,1.0
459383,1026283,1.0
171489,1098976,1.0
459931,672324,1.0
335244,760743,1.0
116758,287032,1.0
714849,776624,1.0
820745,1106422,1.0
642539,1134202,1.0
982057,994513,1.0
286623,578333,1.0
843707,945616,1.0
744732,767799,1.0
365809,725494,1.0
605311,1072391,1.0
439660,547526,1.0
694147,1133381,1.0
40426,54473,1.0
550979,936053,1.0
364031,1064650,1.0
238972,896355,1.0
6363,167972,1.0
773241,825973,1.0
551643,655875,1.0
625617,846307,1.0
23568,1024761,1.0
461086,510188,1.0
312805,796994,1.0
34382,519503,1.0
185373,1169248,1.0
1012545,1176892,1.0
455,956771,1.0
343611,1176573,1.0
93562,152324,1.0
558431,873803,1.0
69296,1016351,1.0
1030776,1090924,1.0
458492,1117350,1.0
611017,1185370,1.0
455203,1206499,1.0
485530,894160,1.0
905068,1192497,1.0
63135,752497,1.0
207630,797988,1.0
5738,409484,1.0
178360,1107192,1.0
947172,958624,1.0
252136,1145565,1.0
1113657,1206040,0.9444444444444444
742194,757226,0.9444444444444444
1019102,1066924,0.9444444444444444
778873,1206040,0.9444444444444444
778873,1113657,0.9444444444444444
139434,310718,0.9411764705882353
211157,1060373,0.9411764705882353
446370,973036,0.9411764705882353
94732,108091,0.9411764705882353
297758,871400,0.9375
174606,403761,0.9375
377881,483497,0.9375
439975,1137895,0.9333333333333333
248872,499619,0.9333333333333333
99707,501038,0.9333333333333333
807373,1204844,0.9333333333333333
419009,1148846,0.9333333333333333
806243,979376,0.9285714285714286
1011935,1079303,0.9285714285714286
820,675209,0.9285714285714286
93132,440338,0.9230769230769231
65978,865031,0.9230769230769231
620270,1158765,0.9230769230769231
437288,451008,0.9166666666666666
19571,838529,0.9166666666666666
154352,440689,0.9166666666666666
59408,813059,0.9166666666666666
348612,1133381,0.9090909090909091
82351,543658,0.9090909090909091
348612,694147,0.9090909090909091
303333,537793,0.9090909090909091
24946,494651,0.9090909090909091
62204,780644,0.9
259785,706713,0.9
706713,1202955,0.9
117265,1169011,0.9
447883,770960,0.9
62204,641047,0.9
26628,743833,0.9
259785,1058184,0.9
1058184,1202955,0.9
509986,977849,0.9
659115,959248,0.9
963483,1169011,0.9
295547,534812,0.9
641047,780644,0.9
521077,1208709,0.8888888888888888
197332,325973,0.8888888888888888
169719,727261,0.8888888888888888
483825,567826,0.8888888888888888
177180,428967,0.8888888888888888
101492,1148146,0.8888888888888888
177180,550979,0.8888888888888888
707507,959788,0.8888888888888888
529606,959788,0.8888888888888888
772060,860539,0.8888888888888888
340240,738050,0.8888888888888888
169719,1077555,0.8888888888888888
177180,936053,0.8888888888888888
187319,1058449,0.8888888888888888
738050,866237,0.8888888888888888
935955,1058449,0.8888888888888888
204323,708271,0.8888888888888888
325973,791804,0.8888888888888888
164122,634606,0.8888888888888888
204323,1110120,0.8888888888888888
177180,475864,0.8888888888888888
620929,1070961,0.8823529411764706
653815,1106068,0.875
230489,1196320,0.875
75804,403966,0.875
128735,1172518,0.875
345880,1195986,0.875
151827,973102,0.875
403966,1196320,0.875
214249,815557,0.875
403966,685492,0.875
128735,773433,0.875
78456,664567,0.875
692775,968858,0.875
615745,1106068,0.875
75804,230489,0.875
230489,685492,0.875
49695,1191001,0.875
1195986,1202669,0.875
778978,1195986,0.875
451843,1040659,0.875
815557,1138185,0.875
574506,1082932,0.8666666666666667
110645,122580,0.8666666666666667
687784,963160,0.8571428571428571
693296,763705,0.8571428571428571
412257,1026192,0.8571428571428571
49695,763705,0.8571428571428571
49695,693296,0.8571428571428571
50739,281809,0.8571428571428571
336140,737304,0.8571428571428571
815557,894755,0.8571428571428571
13020,64846,0.8571428571428571
153096,815557,0.8571428571428571
382042,479820,0.8571428571428571
208644,444241,0.8461538461538461
19706,697870,0.8333333333333334
285949,486357,0.8333333333333334
464826,486357,0.8333333333333334
693296,1124481,0.8333333333333334
466926,974551,0.8333333333333334
258892,285949,0.8333333333333334
295618,693296,0.8333333333333334
35361,795624,0.8333333333333334
330488,918424,0.8333333333333334
297190,1133068,0.8333333333333334
258892,464826,0.8333333333333334
285949,464826,0.8333333333333334
347126,1050553,0.8333333333333334
631205,906496,0.8235294117647058
111675,635762,0.8181818181818182
250251,809314,0.8181818181818182
510622,778978,0.8
259785,1010517,0.8
1010517,1202955,0.8
470729,557660,0.8
623181,772166,0.8
99025,780644,0.8
60252,345880,0.8
706713,1010517,0.8
374076,963483,0.8
310150,418195,0.8
772166,1003394,0.8
185483,376899,0.8
345880,510622,0.8
99025,641047,0.8
290170,792263,0.8
510622,1202669,0.8
234753,1000736,0.8
211912,858374,0.8
1010517,1058184,0.8
117265,374076,0.8
60252,1202669,0.8
62204,99025,0.8
301411,704160,0.8
60252,778978,0.8
756693,1150933,0.8
817037,1146090,0.8
311651,1173287,0.7777777777777778
561426,1033730,0.7777777777777778
374076,1169011,0.7777777777777778
591381,615745,0.7777777777777778
164122,301411,0.7777777777777778
842630,1106153,0.7777777777777778
714780,1131008,0.7777777777777778
591381,653815,0.7777777777777778
301411,634606,0.7777777777777778
376504,1001298,0.7692307692307693
1119211,1137173,0.7692307692307693
786727,1119211,0.7692307692307693
442963,485530,0.75
231001,403101,0.75
345880,692775,0.75
685492,915302,0.75
894755,1138185,0.75
683740,1146090,0.75
164122,737304,0.75
75804,915302,0.75
934163,970876,0.75
915302,1196320,0.75
602189,647958,0.75
543647,1099381,0.75
214249,894755,0.75
692775,1202669,0.75
655666,871488,0.75
763705,1191001,0.75
148631,1099381,0.75
757704,1099381,0.75
647958,687784,0.75
615745,1200526,0.75
288826,311540,0.75
510622,544528,0.75
778978,968858,0.75
968858,1202669,0.75
155168,977639,0.75
585269,685492,0.75
873090,896355,0.75
25988,1181858,0.75
164122,336140,0.75
337548,871488,0.75
128735,586081,0.75
153096,214249,0.75
61849,1056318,0.75
418962,1013172,0.75
714780,962717,0.75
238972,873090,0.75
692775,778978,0.75
128735,1050636,0.75
288826,863820,0.75
647958,963160,0.75
75804,585269,0.75
653815,1200526,0.75
585269,1196320,0.75
62204,228540,0.75
977639,1147790,0.75
154217,871488,0.75
932072,1013172,0.75
345880,968858,0.75
442963,894160,0.75
72067,977639,0.75
698552,1056318,0.75
773433,1172518,0.75
693296,1191001,0.75
225224,977639,0.75
60252,544528,0.75
32241,403101,0.75
153096,1138185,0.75
727549,881621,0.7333333333333333
238972,726544,0.7272727272727273
726544,896355,0.7272727272727273
325171,1146755,0.7272727272727273
4943,65676,0.7272727272727273
418013,851180,0.7272727272727273
169045,851180,0.7272727272727273
358838,659115,0.7272727272727273
358838,959248,0.7272727272727273
295618,763705,0.7142857142857143
701771,894755,0.7142857142857143
398934,561586,0.7142857142857143
148631,286055,0.7142857142857143
13020,973102,0.7142857142857143
9213,815557,0.7142857142857143
3983,349989,0.7142857142857143
311651,1210449,0.7142857142857143
49695,295618,0.7142857142857143
773433,1073850,0.7142857142857143
773433,1050636,0.7142857142857143
49695,1124481,0.7142857142857143
84492,767650,0.7142857142857143
84492,506623,0.7142857142857143
286055,757704,0.7142857142857143
9213,894755,0.7142857142857143
148631,675835,0.7142857142857143
281809,330488,0.7142857142857143
245660,559932,0.7142857142857143
9091,737955,0.7142857142857143
9091,803882,0.7142857142857143
586081,773433,0.7142857142857143
153096,701771,0.7142857142857143
290170,763705,0.7142857142857143
506623,767650,0.7142857142857143
675835,757704,0.7142857142857143
763705,1124481,0.7142857142857143
50739,918424,0.7142857142857143
50739,330488,0.7142857142857143
238742,1105342,0.7142857142857143
171489,962717,0.7142857142857143
9213,153096,0.7142857142857143
281809,918424,0.7142857142857143
286016,944678,0.7142857142857143
865766,944678,0.7142857142857143
559932,1106842,0.7142857142857143
586081,1073850,0.7142857142857143
701771,815557,0.7142857142857143
1050636,1073850,0.7142857142857143
206027,737048,0.7142857142857143
962717,1098976,0.7142857142857143
64846,973102,0.7142857142857143
543647,675835,0.7142857142857143
286055,543647,0.7142857142857143
164122,704160,0.7
634606,704160,0.7
98921,923173,0.7
510622,1195986,0.7
923173,1000736,0.7
234753,923173,0.7
18043,953298,0.7
60252,1195986,0.7
786727,1151387,0.6923076923076923
1137173,1151387,0.6923076923076923
1119211,1151387,0.6923076923076923
532152,860878,0.6875
116937,282566,0.6875
116937,598728,0.6875
893889,1069116,0.6875
410735,1033086,0.6875
406193,532152,0.6875
386383,803882,0.6666666666666666
425774,809314,0.6666666666666666
72067,147746,0.6666666666666666
470729,571435,0.6666666666666666
1106153,1174681,0.6666666666666666
98921,1000736,0.6666666666666666
265412,1191001,0.6666666666666666
653815,1136513,0.6666666666666666
265412,693296,0.6666666666666666
591381,1136513,0.6666666666666666
792263,1124481,0.6666666666666666
762330,931655,0.6666666666666666
295618,792263,0.6666666666666666
842630,1174681,0.6666666666666666
410735,1064412,0.6666666666666666
281809,1160846,0.6666666666666666
128735,762330,0.6666666666666666
574266,860539,0.6666666666666666
262815,570612,0.6666666666666666
567826,1147790,0.6666666666666666
249495,1200526,0.6666666666666666
265412,763705,0.6666666666666666
147746,155168,0.6666666666666666
550140,795932,0.6666666666666666
639724,916774,0.6666666666666666
609334,1017299,0.6666666666666666
50739,1160846,0.6666666666666666
634606,1059756,0.6666666666666666
544528,1195986,0.6666666666666666
591381,1106068,0.6666666666666666
634606,737304,0.6666666666666666
450050,585269,0.6666666666666666
574266,772060,0.6666666666666666
9213,701771,0.6666666666666666
281809,499657,0.6666666666666666
639724,1060112,0.6666666666666666
336140,634606,0.6666666666666666
567826,977639,0.6666666666666666
1106068,1136513,0.6666666666666666
567826,973208,0.6666666666666666
615745,1136513,0.6666666666666666
228540,780644,0.6666666666666666
962717,1131008,0.6666666666666666
84492,84825,0.6666666666666666
585269,991357,0.6666666666666666
557660,571435,0.6666666666666666
762330,1172518,0.6666666666666666
148631,370486,0.6666666666666666
290170,295618,0.6666666666666666
693296,792263,0.6666666666666666
370486,1099381,0.6666666666666666
286055,675835,0.6666666666666666
581729,1164725,0.6666666666666666
973208,977639,0.6666666666666666
370486,543647,0.6666666666666666
762330,773433,0.6666666666666666
49695,265412,0.6666666666666666
224905,363047,0.6666666666666666
370486,757704,0.6666666666666666
50739,499657,0.6666666666666666
737304,1059756,0.6666666666666666
386383,737955,0.6666666666666666
228540,641047,0.6666666666666666
290170,1124481,0.6666666666666666
336140,1059756,0.6666666666666666
290170,693296,0.6666666666666666
164122,1059756,0.6666666666666666
734658,741831,0.6428571428571429
348612,570612,0.6363636363636364
288826,391688,0.6363636363636364
570612,1133381,0.6363636363636364
82351,1164725,0.6363636363636364
262815,694147,0.6363636363636364
54473,227974,0.6363636363636364
21192,860031,0.6363636363636364
93475,574266,0.6363636363636364
82351,581729,0.6363636363636364
418013,885085,0.6363636363636364
570612,694147,0.6363636363636364
229077,297216,0.6363636363636364
164122,537793,0.6363636363636364
543658,1164725,0.6363636363636364
543658,581729,0.6363636363636364
208644,425589,0.6363636363636364
262815,1133381,0.6363636363636364
262815,348612,0.6363636363636364
303333,634606,0.6363636363636364
164122,303333,0.6363636363636364
40426,227974,0.6363636363636364
169045,885085,0.6363636363636364
537793,634606,0.6363636363636364
483825,977639,0.625
1069116,1166277,0.625
214249,707753,0.625
13020,151827,0.625
164122,256056,0.625
146938,767650,0.625
991052,1056318,0.625
469315,997247,0.625
792738,1195986,0.625
901351,977639,0.625
85292,365809,0.625
155168,225224,0.625
84492,146938,0.625
1033086,1131810,0.625
214249,701771,0.625
968858,1195986,0.625
707753,1138185,0.625
403966,450050,0.625
52035,693722,0.625
156708,361839,0.625
128735,1073850,0.625
32241,231001,0.625
30549,54473,0.625
602189,963160,0.625
230489,915302,0.625
577588,997247,0.625
156708,1084803,0.625
692775,1195986,0.625
295618,1191001,0.625
560142,923098,0.625
72067,483825,0.625
483825,1147790,0.625
586081,1172518,0.625
156708,199230,0.625
72067,1147790,0.625
732105,1149846,0.625
504914,1069116,0.625
364167,732105,0.625
931655,1172518,0.625
403966,585269,0.625
85292,350528,0.625
896202,912267,0.625
286055,1099381,0.625
701796,896202,0.625
364167,1149846,0.625
85292,725494,0.625
225224,1147790,0.625
701771,1138185,0.625
773433,931655,0.625
602189,687784,0.625
230489,450050,0.625
1124481,1191001,0.625
155168,483825,0.625
171489,714780,0.625
230489,991357,0.625
155168,1147790,0.625
256056,737304,0.625
63417,1080096,0.625
895242,1033086,0.625
256056,336140,0.625
1050636,1172518,0.625
146938,506623,0.625
585269,915302,0.625
9213,1138185,0.625
80932,616379,0.625
403966,991357,0.625
281809,1124966,0.625
932308,1195986,0.625
230489,585269,0.625
9213,214249,0.625
265361,483825,0.625
199230,361839,0.625
427531,732105,0.625
225224,265361,0.625
128735,931655,0.625
427531,1149846,0.625
64846,151827,0.625
156708,966955,0.625
265361,1147790,0.625
72067,225224,0.625
714780,1098976,0.625
1106068,1200526,0.625
561586,842630,0.625
30549,40426,0.625
403966,915302,0.625
398934,842630,0.625
50739,1124966,0.625
64790,712019,0.6111111111111112
9091,1058184,0.6
763705,780644,0.6
733057,1150933,0.6
62204,693296,0.6
62204,1191001,0.6
641047,1191001,0.6
238972,1149846,0.6
211912,468076,0.6
224905,978481,0.6
265412,641047,0.6
224905,269230,0.6
559882,936053,0.6
428967,559882,0.6
475864,559882,0.6
62204,265412,0.6
60252,968858,0.6
16240,211912,0.6
49695,780644,0.6
364167,896355,0.6
911606,1130824,0.6
641047,693296,0.6
49177,1150933,0.6
896355,1149846,0.6
224905,1117350,0.6
835116,1081150,0.6
563488,1150933,0.6
330488,1017233,0.6
238972,364167,0.6
510622,692775,0.6
49695,641047,0.6
386383,644180,0.6
211912,1146755,0.6
62204,763705,0.6
211912,325171,0.6
911606,1017299,0.6
9091,259785,0.6
40426,836413,0.6
238972,427531,0.6
224905,1134963,0.6
780644,1191001,0.6
550979,559882,0.6
70469,220928,0.6
9091,1202955,0.6
864807,1081150,0.6
220928,1131983,0.6
265412,780644,0.6
98921,234753,0.6
427531,896355,0.6
1017299,1130824,0.6
25174,220928,0.6
9091,706713,0.6
335923,529661,0.6
54473,836413,0.6
60252,692775,0.6
325171,962196,0.6
510622,968858,0.6
177180,559882,0.6
224905,458492,0.6
49695,62204,0.6
693296,780644,0.6
635762,1064412,0.6
220928,569381,0.6
641047,763705,0.6
286016,659115,0.6
659115,865766,0.6
64790,537793,0.5882352941176471
64790,303333,0.5882352941176471
591381,1120760,0.5833333333333334
391688,863820,0.5833333333333334
111675,410735,0.5833333333333334
345880,544528,0.5833333333333334
40253,468076,0.5833333333333334
544528,1202669,0.5833333333333334
16240,1080096,0.5833333333333334
653815,1195485,0.5833333333333334
615745,1195485,0.5833333333333334
615745,1120760,0.5833333333333334
783340,893889,0.5833333333333334
242741,591381,0.5833333333333334
99025,228540,0.5833333333333334
16240,40253,0.5833333333333334
311540,391688,0.5833333333333334
544528,1123797,0.5833333333333334
683740,817037,0.5833333333333334
374403,893889,0.5833333333333334
1123797,1195986,0.5833333333333334
726544,873090,0.5833333333333334
653815,1120760,0.5833333333333334
544528,778978,0.5833333333333334
228540,265412,0.5833333333333334
468076,1080096,0.5833333333333334
410735,635762,0.5833333333333334
591381,1195485,0.5833333333333334
85292,219123,0.5833333333333334
148631,1082548,0.5714285714285714
3983,923344,0.5714285714285714
940949,1200526,0.5714285714285714
345910,1025600,0.5714285714285714
224432,772166,0.5714285714285714
52035,398934,0.5714285714285714
153096,707753,0.5714285714285714
287673,995884,0.5714285714285714
305889,743795,0.5714285714285714
49695,792263,0.5714285714285714
61849,991052,0.5714285714285714
561426,571435,0.5714285714285714
9091,386383,0.5714285714285714
533106,784606,0.5714285714285714
557660,561426,0.5714285714285714
50739,1017233,0.5714285714285714
543647,1082548,0.5714285714285714
281809,1017233,0.5714285714285714
224432,623181,0.5714285714285714
1033376,1158384,0.5714285714285714
49235,906496,0.5714285714285714
757704,1082548,0.5714285714285714
47884,1134963,0.5714285714285714
122433,772166,0.5714285714285714
47884,458492,0.5714285714285714
707753,815557,0.5714285714285714
84825,767650,0.5714285714285714
698552,991052,0.5714285714285714
84825,506623,0.5714285714285714
122433,1003394,0.5714285714285714
52035,561586,0.5714285714285714
47884,1117350,0.5714285714285714
763705,792263,0.5714285714285714
224432,1003394,0.5714285714285714
311651,609334,0.5714285714285714
286055,1082548,0.5714285714285714
47884,978481,0.5714285714285714
311651,1017299,0.5714285714285714
249495,940949,0.5714285714285714
122433,224432,0.5714285714285714
470729,561426,0.5714285714285714
49695,290170,0.5714285714285714
1017299,1210449,0.5714285714285714
609334,1210449,0.5714285714285714
122433,623181,0.5714285714285714
701771,707753,0.5714285714285714
197379,350528,0.5714285714285714
707753,894755,0.5714285714285714
668048,1117550,0.5714285714285714
812460,1210725,0.5714285714285714
311651,911606,0.5714285714285714
47884,269230,0.5714285714285714
464916,524035,0.5714285714285714
425774,1173791,0.5625
550979,959788,0.5555555555555556
300967,361839,0.5555555555555556
483825,973208,0.5555555555555556
940949,1071486,0.5555555555555556
668048,1164725,0.5555555555555556
428967,959788,0.5555555555555556
499657,1124966,0.5555555555555556
330488,1160846,0.5555555555555556
973208,1147790,0.5555555555555556
300333,418195,0.5555555555555556
155168,567826,0.5555555555555556
13020,574266,0.5555555555555556
398934,1106153,0.5555555555555556
475864,959788,0.5555555555555556
773117,1012545,0.5555555555555556
570612,1158384,0.5555555555555556
936053,959788,0.5555555555555556
262815,1158384,0.5555555555555556
197332,888056,0.5555555555555556
18852,177477,0.5555555555555556
4943,762330,0.5555555555555556
151827,772060,0.5555555555555556
4943,1172518,0.5555555555555556
151827,574266,0.5555555555555556
570612,1033376,0.5555555555555556
361657,499657,0.5555555555555556
102089,586081,0.5555555555555556
4943,773433,0.5555555555555556
574266,973102,0.5555555555555556
581962,1122472,0.5555555555555556
265361,567826,0.5555555555555556
398934,1174681,0.5555555555555556
323761,1000736,0.5555555555555556
102089,1050636,0.5555555555555556
18852,581962,0.5555555555555556
474444,1060500,0.5555555555555556
403101,601915,0.5555555555555556
256056,1059756,0.5555555555555556
155048,784606,0.5555555555555556
714780,784606,0.5555555555555556
918424,1160846,0.5555555555555556
155168,973208,0.5555555555555556
301411,1059756,0.5555555555555556
791804,888056,0.5555555555555556
301411,737304,0.5555555555555556
341597,1122472,0.5555555555555556
773117,1176892,0.5555555555555556
301411,336140,0.5555555555555556
1124966,1160846,0.5555555555555556
156708,300967,0.5555555555555556
225224,973208,0.5555555555555556
85292,957710,0.5555555555555556
177180,959788,0.5555555555555556
591381,1200526,0.5555555555555556
74481,341597,0.5555555555555556
171489,1131008,0.5555555555555556
64846,574266,0.5555555555555556
330488,499657,0.5555555555555556
32241,601915,0.5555555555555556
561586,1106153,0.5555555555555556
743795,1070571,0.5555555555555556
581729,668048,0.5555555555555556
265412,1124481,0.5555555555555556
1098976,1131008,0.5555555555555556
265412,295618,0.5555555555555556
102089,354468,0.5555555555555556
325973,888056,0.5555555555555556
4943,128735,0.5555555555555556
1173287,1210449,0.5555555555555556
177477,1122472,0.5555555555555556
72067,973208,0.5555555555555556
256056,634606,0.5555555555555556
286055,370486,0.5555555555555556
72067,567826,0.5555555555555556
561586,1174681,0.5555555555555556
18852,341597,0.5555555555555556
155048,1131008,0.5555555555555556
50663,1056318,0.5555555555555556
1117550,1164725,0.5555555555555556
256056,301411,0.5555555555555556
74481,177477,0.5555555555555556
225224,567826,0.5555555555555556
50663,991052,0.5555555555555556
370486,1082548,0.5555555555555556
74481,581962,0.5555555555555556
499657,918424,0.5555555555555556
361657,1160846,0.5555555555555556
286016,358838,0.5454545454545454
358838,547526,0.5454545454545454
852029,1134673,0.5454545454545454
303333,336140,0.5454545454545454
69296,947172,0.5454545454545454
918420,1146755,0.5454545454545454
262594,1047869,0.5454545454545454
537793,704160,0.5454545454545454
962196,1146755,0.5454545454545454
1146755,1185370,0.5454545454545454
303333,1059756,0.5454545454545454
111675,1064412,0.5454545454545454
69296,958624,0.5454545454545454
958624,1016351,0.5454545454545454
537793,1059756,0.5454545454545454
303333,737304,0.5454545454545454
288826,1134673,0.5454545454545454
122433,297216,0.5454545454545454
537793,737304,0.5454545454545454
303333,704160,0.5454545454545454
336140,537793,0.5454545454545454
297216,370991,0.5454545454545454
301411,537793,0.5454545454545454
284475,1047869,0.5454545454545454
358838,865766,0.5454545454545454
358838,439660,0.5454545454545454
947172,1016351,0.5454545454545454
391688,1134673,0.5454545454545454
301411,303333,0.5454545454545454
611017,1146755,0.5454545454545454
80932,1147910,0.5384615384615384
82351,109559,0.5384615384615384
572376,781766,0.5384615384615384
106852,190900,0.5384615384615384
913551,1017123,0.5384615384615384
376504,836413,0.5384615384615384
504914,893889,0.5384615384615384
82351,869083,0.5384615384615384
109559,543658,0.5384615384615384
543658,869083,0.5384615384615384
887210,913551,0.5384615384615384
425589,444241,0.5384615384615384
115085,603533,0.5384615384615384
80932,692722,0.5384615384615384
893889,1166277,0.5384615384615384
836413,1001298,0.5384615384615384
563488,756693,0.5333333333333333
49177,756693,0.5333333333333333
16240,858374,0.5333333333333333
858374,1146755,0.5333333333333333
40253,211912,0.5333333333333333
88396,1064412,0.5333333333333333
1048089,1081150,0.5333333333333333
468076,858374,0.5333333333333333
40253,858374,0.5333333333333333
64846,860539,0.5
62204,1124481,0.5
63417,962196,0.5
290170,1191001,0.5
467265,635762,0.5
557660,919972,0.5
778978,932308,0.5
220928,1126736,0.5
804127,1195485,0.5
123652,653815,0.5
1136513,1195485,0.5
219123,957710,0.5
918424,1124966,0.5
147746,1147790,0.5
49177,896202,0.5
1073850,1172518,0.5
413249,959788,0.5
786844,1133381,0.5
919604,919642,0.5
529281,1174681,0.5
249495,653815,0.5
238972,732105,0.5
365809,860031,0.5
751312,1017299,0.5
134966,741325,0.5
918424,1017233,0.5
155168,265361,0.5
685492,991357,0.5
345880,1123797,0.5
122433,370991,0.5
119215,1000797,0.5
295618,641047,0.5
284475,990766,0.5
410735,1131810,0.5
147746,483825,0.5
49235,93475,0.5
228540,763705,0.5
364167,873090,0.5
704160,1059756,0.5
228540,693296,0.5
1478,919642,0.5
98921,323761,0.5
694147,786844,0.5
361839,966955,0.5
47884,595403,0.5
348612,581047,0.5
295618,780644,0.5
489468,893889,0.5
155168,901351,0.5
804127,1120760,0.5
49695,99025,0.5
704160,737304,0.5
219123,860031,0.5
13020,860539,0.5
336140,704160,0.5
772976,1146042,0.5
84825,146938,0.5
851180,885085,0.5
363047,458492,0.5
773117,1148146,0.5
40253,947798,0.5
3983,233860,0.5
345880,792738,0.5
259785,737955,0.5
467265,1064412,0.5
962196,1080096,0.5
569825,1181858,0.5
206476,1195485,0.5
199230,966955,0.5
732105,896355,0.5
151827,860539,0.5
269230,1182984,0.5
199230,1084803,0.5
259785,803882,0.5
250251,425774,0.5
398934,529281,0.5
737955,1202955,0.5
191681,450050,0.5
865766,959248,0.5
1033086,1064412,0.5
147746,977639,0.5
1106068,1195485,0.5
510622,1123797,0.5
25988,569825,0.5
191681,991357,0.5
744732,783340,0.5
249495,1106068,0.5
123652,615745,0.5
363047,1117350,0.5
363047,1134963,0.5
860539,973102,0.5
25174,1131983,0.5
803882,1202955,0.5
25174,569381,0.5
958624,1069564,0.5
249495,615745,0.5
524,1010517,0.5
706713,737955,0.5
685058,894755,0.5
370486,1115910,0.5
542698,953298,0.5
345880,932308,0.5
75804,450050,0.5
70469,1131983,0.5
563488,896202,0.5
706713,803882,0.5
780644,1124481,0.5
725494,860031,0.5
403101,613697,0.5
1106068,1120760,0.5
427531,873090,0.5
99025,763705,0.5
675835,1099381,0.5
225224,483825,0.5
940949,1106068,0.5
1126736,1131983,0.5
767133,1058748,0.5
361839,1084803,0.5
1120760,1136513,0.5
464916,521003,0.5
792263,1191001,0.5
61849,737048,0.5
581047,694147,0.5
847798,894229,0.5
149609,250251,0.5
1082548,1099381,0.5
752497,796994,0.5
191681,585269,0.5
641047,1124481,0.5
191681,403966,0.5
931655,1073850,0.5
647958,1210725,0.5
85292,197379,0.5
931655,1050636,0.5
256056,704160,0.5
370486,702173,0.5
323761,923173,0.5
544528,873151,0.5
269230,363047,0.5
63135,796994,0.5
644180,737955,0.5
453815,847798,0.5
214249,685058,0.5
916960,1000797,0.5
474248,885085,0.5
778978,1123797,0.5
743795,1067290,0.5
410735,895242,0.5
863820,1134673,0.5
455041,545887,0.5
644180,803882,0.5
978481,1182984,0.5
286055,1167210,0.5
737955,1058184,0.5
265361,977639,0.5
49235,151827,0.5
93475,906496,0.5
70469,569381,0.5
366357,995884,0.5
803882,1058184,0.5
99025,693296,0.5
873090,1149846,0.5
468106,990766,0.5
997247,1081150,0.5
569381,1126736,0.5
1134963,1182984,0.5
932308,1202669,0.5
206476,1120760,0.5
450050,685492,0.5
49695,228540,0.5
153096,685058,0.5
62204,295618,0.5
85292,860031,0.5
609334,1130824,0.5
1117350,1182984,0.5
1017233,1124966,0.5
609334,911606,0.5
220928,638687,0.5
374403,767799,0.5
545887,1106842,0.5
374403,744732,0.5
300333,310150,0.5
685058,910354,0.5
685058,1138185,0.5
60252,1123797,0.5
595403,1182984,0.5
586081,931655,0.5
120380,792738,0.5
991357,1196320,0.5
947172,1069564,0.5
450050,1196320,0.5
72067,265361,0.5
231001,613697,0.5
120380,1195986,0.5
99025,1191001,0.5
312805,752497,0.5
529281,842630,0.5
348612,786844,0.5
245660,545887,0.5
698552,737048,0.5
653815,940949,0.5
21192,219123,0.5
889067,1141864,0.5
778978,792738,0.5
529281,561586,0.5
224432,229077,0.5
300975,738050,0.5
63135,312805,0.5
529281,1106153,0.5
350060,418195,0.5
330488,1124966,0.5
685058,815557,0.5
615745,940949,0.5
366357,1153215,0.5
9091,1010517,0.5
99025,265412,0.5
69596,1126736,0.5
311540,1134673,0.5
458492,1182984,0.5
581047,1133381,0.5
72067,901351,0.5
901351,1147790,0.5
602189,1210725,0.5
354468,1073850,0.5
391688,852029,0.5
75804,991357,0.5
191681,230489,0.5
47884,1182984,0.5
228540,1191001,0.5
152356,1130438,0.5
155048,714780,0.5
675835,1167210,0.5
123652,1106068,0.5
1123797,1202669,0.5
31931,467265,0.5
363047,978481,0.5
149609,425774,0.5
1069564,1181858,0.5
391371,1141864,0.5
286016,959248,0.5
225224,901351,0.5
120380,932308,0.5
52035,842630,0.5
234753,323761,0.5
792738,1202669,0.5
767799,783340,0.5
806628,919642,0.5
40253,1146755,0.5
110355,991583,0.47619047619047616
110355,856645,0.47619047619047616
110355,519141,0.47619047619047616
356071,410735,0.47368421052631576
446415,1069116,0.47368421052631576
356071,1033086,0.47368421052631576
796517,893889,0.47368421052631576
796517,1069116,0.47368421052631576
446415,893889,0.47368421052631576
49235,631205,0.47058823529411764
733057,756693,0.4666666666666667
325171,858374,0.4666666666666667
858374,962196,0.4666666666666667
88396,410735,0.4666666666666667
109559,581729,0.46153846153846156
54473,1001298,0.46153846153846156
783340,1166277,0.46153846153846156
109559,1164725,0.46153846153846156
40426,376504,0.46153846153846156
374403,504914,0.46153846153846156
581729,869083,0.46153846153846156
374403,1166277,0.46153846153846156
869083,1164725,0.46153846153846156
54473,376504,0.46153846153846156
40426,1001298,0.46153846153846156
504914,783340,0.46153846153846156
403101,443604,0.46153846153846156
1133381,1158384,0.45454545454545453
261307,361839,0.45454545454545453
21192,365809,0.45454545454545453
304759,955633,0.45454545454545453
82351,668048,0.45454545454545453
25988,166742,0.45454545454545453
694147,1033376,0.45454545454545453
111904,889067,0.45454545454545453
543658,1117550,0.45454545454545453
250251,310150,0.45454545454545453
962717,989839,0.45454545454545453
439660,944678,0.45454545454545453
256056,303333,0.45454545454545453
21192,85292,0.45454545454545453
30549,227974,0.45454545454545453
65676,773433,0.45454545454545453
65676,762330,0.45454545454545453
250251,1060500,0.45454545454545453
111904,1141864,0.45454545454545453
310150,809314,0.45454545454545453
1478,919604,0.45454545454545453
188132,1131008,0.45454545454545453
21192,725494,0.45454545454545453
32241,139024,0.45454545454545453
64846,93475,0.45454545454545453
65676,1172518,0.45454545454545453
188132,714780,0.45454545454545453
543658,668048,0.45454545454545453
111675,467265,0.45454545454545453
989839,1098976,0.45454545454545453
418195,809314,0.45454545454545453
139024,403101,0.45454545454545453
439660,659115,0.45454545454545453
297216,894229,0.45454545454545453
93475,772060,0.45454545454545453
365356,529661,0.45454545454545453
13020,93475,0.45454545454545453
188132,1098976,0.45454545454545453
227974,836413,0.45454545454545453
208644,453707,0.45454545454545453
522756,1111763,0.45454545454545453
65676,128735,0.45454545454545453
69296,1069564,0.45454545454545453
726544,1149846,0.45454545454545453
208644,652202,0.45454545454545453
288826,852029,0.45454545454545453
49983,169045,0.45454545454545453
82351,1117550,0.45454545454545453
297216,453815,0.45454545454545453
364167,726544,0.45454545454545453
111904,391371,0.45454545454545453
171489,188132,0.45454545454545453
286016,547526,0.45454545454545453
300333,809314,0.45454545454545453
166742,1181858,0.45454545454545453
188132,962717,0.45454545454545453
439660,959248,0.45454545454545453
358838,944678,0.45454545454545453
348612,1158384,0.45454545454545453
370486,966235,0.45454545454545453
128859,315859,0.45454545454545453
714780,989839,0.45454545454545453
250251,474444,0.45454545454545453
93475,860539,0.45454545454545453
348612,1033376,0.45454545454545453
208644,695546,0.45454545454545453
261307,300967,0.45454545454545453
1478,806628,0.45454545454545453
250251,300333,0.45454545454545453
547526,944678,0.45454545454545453
49983,418013,0.45454545454545453
547526,865766,0.45454545454545453
93475,151827,0.45454545454545453
250251,418195,0.45454545454545453
224432,297216,0.45454545454545453
1016351,1069564,0.45454545454545453
93475,973102,0.45454545454545453
286016,439660,0.45454545454545453
1013131,1210449,0.45454545454545453
439660,865766,0.45454545454545453
418013,852031,0.45454545454545453
171489,989839,0.45454545454545453
256056,537793,0.45454545454545453
139024,601915,0.45454545454545453
1033376,1133381,0.45454545454545453
427531,726544,0.45454545454545453
547526,659115,0.45454545454545453
169045,852031,0.45454545454545453
989839,1131008,0.45454545454545453
694147,1158384,0.45454545454545453
547526,959248,0.45454545454545453
102089,773433,0.4444444444444444
611017,962196,0.4444444444444444
4943,931655,0.4444444444444444
262594,468106,0.4444444444444444
262594,284475,0.4444444444444444
428967,529606,0.4444444444444444
470729,1033730,0.4444444444444444
1136513,1200526,0.4444444444444444
812122,1160846,0.4444444444444444
955539,1133246,0.4444444444444444
1017233,1160846,0.4444444444444444
370486,675835,0.4444444444444444
591381,940949,0.4444444444444444
1012545,1148146,0.4444444444444444
305889,1070571,0.4444444444444444
560142,783610,0.4444444444444444
300967,1084803,0.4444444444444444
529606,550979,0.4444444444444444
269899,559932,0.4444444444444444
265412,290170,0.4444444444444444
963160,1154436,0.4444444444444444
4943,1073850,0.4444444444444444
772060,973102,0.4444444444444444
647958,1154436,0.4444444444444444
361657,1124966,0.4444444444444444
615745,1071486,0.4444444444444444
653815,1071486,0.4444444444444444
725494,957710,0.4444444444444444
102089,1073850,0.4444444444444444
281809,361657,0.4444444444444444
428967,707507,0.4444444444444444
269899,281813,0.4444444444444444
784606,1131008,0.4444444444444444
609334,1173287,0.4444444444444444
123652,591381,0.4444444444444444
300967,966955,0.4444444444444444
586081,762330,0.4444444444444444
52035,1174681,0.4444444444444444
101492,1012545,0.4444444444444444
123652,1136513,0.4444444444444444
300333,1060500,0.4444444444444444
265361,973208,0.4444444444444444
571435,1033730,0.4444444444444444
425589,453707,0.4444444444444444
550979,707507,0.4444444444444444
50663,698552,0.4444444444444444
199230,300967,0.4444444444444444
1148146,1176892,0.4444444444444444
940949,1136513,0.4444444444444444
52035,1106153,0.4444444444444444
591381,1071486,0.4444444444444444
581729,1117550,0.4444444444444444
64846,772060,0.4444444444444444
557660,1033730,0.4444444444444444
602189,1154436,0.4444444444444444
262594,990766,0.4444444444444444
50663,61849,0.4444444444444444
499657,812122,0.4444444444444444
499657,1017233,0.4444444444444444
962196,1185370,0.4444444444444444
918420,962196,0.4444444444444444
262815,1033376,0.4444444444444444
1017299,1173287,0.4444444444444444
101492,773117,0.4444444444444444
370486,1167210,0.4444444444444444
567826,901351,0.4444444444444444
687784,1154436,0.4444444444444444
231001,601915,0.4444444444444444
265412,792263,0.4444444444444444
707507,936053,0.4444444444444444
177180,707507,0.4444444444444444
475864,707507,0.4444444444444444
372805,564072,0.4444444444444444
102089,128735,0.4444444444444444
762330,1050636,0.4444444444444444
70469,1126736,0.4444444444444444
13020,772060,0.4444444444444444
249495,1136513,0.4444444444444444
101492,1176892,0.4444444444444444
529606,936053,0.4444444444444444
475864,529606,0.4444444444444444
147746,567826,0.4444444444444444
762330,1073850,0.4444444444444444
418195,1060500,0.4444444444444444
177180,529606,0.4444444444444444
123652,1071486,0.4444444444444444
465666,1017123,0.4444444444444444
25174,1126736,0.4444444444444444
1071486,1106068,0.4444444444444444
465666,887210,0.4444444444444444
911606,1173287,0.4444444444444444
365809,957710,0.4444444444444444
102089,762330,0.4444444444444444
102089,1172518,0.4444444444444444
955197,957710,0.4444444444444444
1071486,1136513,0.4444444444444444
50739,361657,0.4444444444444444
783610,923098,0.4444444444444444
249495,591381,0.4444444444444444
50663,387980,0.4444444444444444
425589,652202,0.4444444444444444
102089,931655,0.4444444444444444
997247,1048089,0.4375
489468,1069116,0.4375
635762,1033086,0.4375
864807,997247,0.4375
111675,1033086,0.4375
374403,1069116,0.4375
149609,1173791,0.4375
146938,282566,0.4375
88396,1033086,0.4375
783340,1069116,0.4375
70469,752497,0.4375
63135,70469,0.4375
835116,997247,0.4375
25174,752497,0.4375
63135,220928,0.4375
220928,752497,0.4375
25174,63135,0.4375
146938,598728,0.4375
151827,906496,0.42857142857142855
778978,873151,0.42857142857142855
155048,962717,0.42857142857142855
111675,895242,0.42857142857142855
68296,685058,0.42857142857142855
25988,1069564,0.42857142857142855
574266,906496,0.42857142857142855
873151,1202669,0.42857142857142855
68296,1138185,0.42857142857142855
32241,613697,0.42857142857142855
702173,757704,0.42857142857142855
521003,524035,0.42857142857142855
532152,806628,0.42857142857142855
783610,795041,0.42857142857142855
206027,698552,0.42857142857142855
311651,1130824,0.42857142857142855
214249,1036926,0.42857142857142855
60252,873151,0.42857142857142855
338567,974551,0.42857142857142855
116937,691105,0.42857142857142855
1130824,1210449,0.42857142857142855
186440,852031,0.42857142857142855
153096,1036926,0.42857142857142855
911606,1210449,0.42857142857142855
737048,991052,0.42857142857142855
291267,994513,0.42857142857142855
47884,363047,0.42857142857142855
685058,1036926,0.42857142857142855
197379,365809,0.42857142857142855
1036926,1138185,0.42857142857142855
354468,586081,0.42857142857142855
151704,693722,0.42857142857142855
1082548,1167210,0.42857142857142855
9213,707753,0.42857142857142855
635762,1131810,0.42857142857142855
123652,249495,0.42857142857142855
570612,786844,0.42857142857142855
812122,918424,0.42857142857142855
61849,206027,0.42857142857142855
68296,894755,0.42857142857142855
815557,1050553,0.42857142857142855
543647,702173,0.42857142857142855
148631,1115910,0.42857142857142855
50739,812122,0.42857142857142855
262815,581047,0.42857142857142855
757704,1167210,0.42857142857142855
68296,815557,0.42857142857142855
345880,873151,0.42857142857142855
330488,812122,0.42857142857142855
281809,812122,0.42857142857142855
123652,940949,0.42857142857142855
635762,895242,0.42857142857142855
725494,955197,0.42857142857142855
1099381,1115910,0.42857142857142855
239428,1147790,0.42857142857142855
239428,567826,0.42857142857142855
707753,1050553,0.42857142857142855
489468,783340,0.42857142857142855
469315,864807,0.42857142857142855
947523,1069564,0.42857142857142855
577588,835116,0.42857142857142855
347126,815557,0.42857142857142855
68296,214249,0.42857142857142855
693722,878347,0.42857142857142855
365809,955197,0.42857142857142855
767133,1160846,0.42857142857142855
350528,725494,0.42857142857142855
197379,725494,0.42857142857142855
532152,919642,0.42857142857142855
206027,991052,0.42857142857142855
469315,835116,0.42857142857142855
287673,366357,0.42857142857142855
347126,707753,0.42857142857142855
772060,906496,0.42857142857142855
577588,864807,0.42857142857142855
675835,1082548,0.42857142857142855
338567,466926,0.42857142857142855
354468,773433,0.42857142857142855
291267,982057,0.42857142857142855
815557,1036926,0.42857142857142855
111904,1198374,0.42857142857142855
49983,186440,0.42857142857142855
499657,767133,0.42857142857142855
116937,146938,0.42857142857142855
543647,1167210,0.42857142857142855
148631,702173,0.42857142857142855
350528,365809,0.42857142857142855
570612,581047,0.42857142857142855
111675,1131810,0.42857142857142855
47884,224905,0.42857142857142855
543647,1115910,0.42857142857142855
155048,533106,0.42857142857142855
374403,489468,0.42857142857142855
510622,873151,0.42857142857142855
123652,1200526,0.42857142857142855
702173,1099381,0.42857142857142855
354468,1050636,0.42857142857142855
349989,923344,0.42857142857142855
262815,786844,0.42857142857142855
9091,644180,0.42857142857142855
757704,1115910,0.42857142857142855
148631,1167210,0.42857142857142855
894755,1036926,0.42857142857142855
532152,919604,0.42857142857142855
239428,977639,0.42857142857142855
149609,809314,0.42857142857142855
239428,973208,0.42857142857142855
68296,153096,0.42857142857142855
128735,284933,0.4166666666666667
206476,653815,0.4166666666666667
242741,1136513,0.4166666666666667
219123,725494,0.4166666666666667
242741,615745,0.4166666666666667
49235,973102,0.4166666666666667
284933,931655,0.4166666666666667
1120760,1200526,0.4166666666666667
792738,1123797,0.4166666666666667
123652,804127,0.4166666666666667
615745,804127,0.4166666666666667
243953,398934,0.4166666666666667
591381,804127,0.4166666666666667
102089,284933,0.4166666666666667
123652,206476,0.4166666666666667
940949,1195485,0.4166666666666667
804127,1106068,0.4166666666666667
206476,1071486,0.4166666666666667
206476,1106068,0.4166666666666667
804127,1136513,0.4166666666666667
497272,1084803,0.4166666666666667
102089,224870,0.4166666666666667
49235,772060,0.4166666666666667
544528,692775,0.4166666666666667
544528,968858,0.4166666666666667
206476,615745,0.4166666666666667
228540,295618,0.4166666666666667
40253,611017,0.4166666666666667
947798,1146755,0.4166666666666667
284933,762330,0.4166666666666667
284933,1172518,0.4166666666666667
932308,1123797,0.4166666666666667
123652,1195485,0.4166666666666667
418013,503510,0.4166666666666667
310150,425774,0.4166666666666667
50663,291267,0.4166666666666667
169045,742514,0.4166666666666667
940949,1120760,0.4166666666666667
40253,1185370,0.4166666666666667
219123,365809,0.4166666666666667
243953,842630,0.4166666666666667
284933,773433,0.4166666666666667
250251,459931,0.4166666666666667
497272,966955,0.4166666666666667
49235,64846,0.4166666666666667
139024,479117,0.4166666666666667
685058,701771,0.4166666666666667
325171,468076,0.4166666666666667
123652,1120760,0.4166666666666667
206476,1136513,0.4166666666666667
224870,931655,0.4166666666666667
224870,762330,0.4166666666666667
224870,1172518,0.4166666666666667
16240,325171,0.4166666666666667
40253,918420,0.4166666666666667
468076,947798,0.4166666666666667
16240,1146755,0.4166666666666667
16240,63417,0.4166666666666667
128735,224870,0.4166666666666667
224870,773433,0.4166666666666667
65676,284933,0.4166666666666667
852029,863820,0.4166666666666667
156708,497272,0.4166666666666667
297190,1004797,0.4166666666666667
1071486,1195485,0.4166666666666667
228540,1124481,0.4166666666666667
84492,691105,0.4166666666666667
146938,691105,0.4166666666666667
13020,49235,0.4166666666666667
418195,425774,0.4166666666666667
544528,932308,0.4166666666666667
40253,962196,0.4166666666666667
804127,1071486,0.4166666666666667
242741,653815,0.4166666666666667
63417,468076,0.4166666666666667
49235,574266,0.4166666666666667
732105,873090,0.4166666666666667
968858,1123797,0.4166666666666667
224870,586081,0.4166666666666667
767799,893889,0.4166666666666667
219123,955197,0.4166666666666667
284933,1050636,0.4166666666666667
65676,224870,0.4166666666666667
506623,691105,0.4166666666666667
40253,325171,0.4166666666666667
544528,792738,0.4166666666666667
250251,672324,0.4166666666666667
243953,561586,0.4166666666666667
242741,1071486,0.4166666666666667
653815,804127,0.4166666666666667
243953,1106153,0.4166666666666667
418013,742514,0.4166666666666667
206476,591381,0.4166666666666667
224870,1050636,0.4166666666666667
1067290,1070571,0.4166666666666667
242741,1195485,0.4166666666666667
947798,962196,0.4166666666666667
410735,467265,0.4166666666666667
692775,1123797,0.4166666666666667
284933,586081,0.4166666666666667
468076,1146755,0.4166666666666667
139024,366300,0.4166666666666667
169045,503510,0.4166666666666667
1195485,1200526,0.4166666666666667
297216,847798,0.4166666666666667
243953,529281,0.4166666666666667
311540,852029,0.4166666666666667
219123,350528,0.4166666666666667
16240,947798,0.4166666666666667
325171,947798,0.4166666666666667
243953,1174681,0.4166666666666667
691105,767650,0.4166666666666667
242741,1120760,0.4166666666666667
242741,1106068,0.4166666666666667
744732,893889,0.4166666666666667
1071486,1120760,0.4166666666666667
64790,1059756,0.4117647058823529
64790,164122,0.4117647058823529
64790,634606,0.4117647058823529
93475,631205,0.4117647058823529
413249,428967,0.4
30549,836413,0.4
54773,106852,0.4
858374,918420,0.4
458492,594216,0.4
19706,1133781,0.4
211912,947798,0.4
186440,851180,0.4
229077,370991,0.4
458492,595403,0.4
63417,325171,0.4
62204,290170,0.4
245660,287984,0.4
780644,792263,0.4
858374,947798,0.4
413249,707507,0.4
300975,772976,0.4
60252,932308,0.4
858374,1185370,0.4
19706,366357,0.4
453707,695546,0.4
413249,559882,0.4
49983,851180,0.4
224905,723126,0.4
99025,1124481,0.4
386383,1058184,0.4
88396,1131810,0.4
594216,1117350,0.4
723126,978481,0.4
425589,695546,0.4
60252,792738,0.4
259785,644180,0.4
146938,388855,0.4
415812,864807,0.4
49983,885085,0.4
325171,1080096,0.4
723126,1134963,0.4
386383,706713,0.4
413249,936053,0.4
300975,866237,0.4
644180,1202955,0.4
413249,475864,0.4
594216,978481,0.4
290170,641047,0.4
269230,594216,0.4
366357,1133781,0.4
659115,944678,0.4
325171,611017,0.4
88396,895242,0.4
300975,340240,0.4
852031,885085,0.4
325973,920752,0.4
211912,962196,0.4
224905,594216,0.4
269230,595403,0.4
470729,919972,0.4
287984,659081,0.4
737955,1010517,0.4
803882,1010517,0.4
270354,1081150,0.4
515093,618141,0.4
641047,792263,0.4
229077,772166,0.4
269899,659081,0.4
458492,723126,0.4
947172,1181858,0.4
31931,635762,0.4
62204,792263,0.4
415812,1081150,0.4
325171,918420,0.4
701796,733057,0.4
595403,978481,0.4
413249,529606,0.4
851180,852031,0.4
733057,896202,0.4
864807,1048089,0.4
31931,1064412,0.4
88396,635762,0.4
270354,835116,0.4
595403,1134963,0.4
310150,350060,0.4
577588,1048089,0.4
723126,1117350,0.4
99025,295618,0.4
229077,1003394,0.4
19706,1153215,0.4
287984,551867,0.4
281813,287984,0.4
510622,792738,0.4
644180,706713,0.4
738050,772976,0.4
310150,1060500,0.4
325171,1185370,0.4
287984,1106842,0.4
18043,542698,0.4
652202,695546,0.4
415812,835116,0.4
958624,1181858,0.4
413249,550979,0.4
177180,413249,0.4
233860,923344,0.4
469315,1048089,0.4
611017,858374,0.4
644180,1058184,0.4
594216,1134963,0.4
122433,229077,0.4
944678,959248,0.4
270354,864807,0.4
52035,529281,0.4
733057,912267,0.4
860031,957710,0.4
595403,1117350,0.4
259785,386383,0.4
229077,623181,0.4
106852,760342,0.4
559882,959788,0.4
1133781,1153215,0.4
233860,349989,0.4
510622,932308,0.4
88396,111675,0.4
269230,723126,0.4
835116,1048089,0.4
386383,1202955,0.4
290170,780644,0.4
911606,1174557,0.4
287984,915812,0.4
1058748,1160846,0.3888888888888889
499657,1058748,0.3888888888888889
1058748,1124966,0.3888888888888889
880265,1026192,0.3888888888888889
569381,796994,0.38461538461538464
281813,1026192,0.38461538461538464
444241,453707,0.38461538461538464
137021,324575,0.38461538461538464
109559,1117550,0.38461538461538464
32241,443604,0.38461538461538464
616379,1147910,0.38461538461538464
109559,668048,0.38461538461538464
365356,837395,0.38461538461538464
220928,796994,0.38461538461538464
52035,581486,0.38461538461538464
504914,767799,0.38461538461538464
504914,744732,0.38461538461538464
198831,231407,0.38461538461538464
767799,1166277,0.38461538461538464
869083,1117550,0.38461538461538464
616379,692722,0.38461538461538464
465666,913551,0.38461538461538464
312805,1131983,0.38461538461538464
955633,1185121,0.38461538461538464
444241,652202,0.38461538461538464
547526,1194697,0.38461538461538464
668048,869083,0.38461538461538464
220928,312805,0.38461538461538464
227974,376504,0.38461538461538464
444241,695546,0.38461538461538464
744732,1166277,0.38461538461538464
659081,1026192,0.38461538461538464
97426,929992,0.38461538461538464
639724,1013131,0.38461538461538464
439660,1194697,0.38461538461538464
137021,820898,0.38461538461538464
796994,1131983,0.38461538461538464
312805,569381,0.38461538461538464
231001,443604,0.38461538461538464
227974,1001298,0.38461538461538464
354468,931655,0.375
524,803882,0.375
524,737955,0.375
638687,752497,0.375
569381,752497,0.375
281813,559932,0.375
1099381,1167210,0.375
281813,455041,0.375
382042,650658,0.375
63135,569381,0.375
693722,842630,0.375
450050,915302,0.375
128735,354468,0.375
147746,225224,0.375
358838,993124,0.375
284475,468106,0.375
150791,977639,0.375
120380,778978,0.375
214249,1050553,0.375
347126,1138185,0.375
398934,693722,0.375
569825,1069564,0.375
87437,907486,0.375
547526,993124,0.375
993124,1194697,0.375
439660,1036612,0.375
598728,691105,0.375
947523,1181858,0.375
406193,919604,0.375
902767,1181858,0.375
737048,1056318,0.375
281813,1106842,0.375
191681,685492,0.375
150791,239428,0.375
692775,792738,0.375
524,9091,0.375
265361,901351,0.375
150791,483825,0.375
282566,691105,0.375
250251,1173791,0.375
214249,347126,0.375
406193,806628,0.375
358838,1036612,0.375
354468,1172518,0.375
147746,265361,0.375
860878,919642,0.375
150791,155168,0.375
692775,932308,0.375
206027,1056318,0.375
792738,968858,0.375
150791,973208,0.375
860878,919604,0.375
120380,968858,0.375
245660,281813,0.375
120380,345880,0.375
119215,916960,0.375
483825,901351,0.375
1036612,1194697,0.375
120380,1202669,0.375
63135,638687,0.375
191681,915302,0.375
120380,692775,0.375
1050553,1138185,0.375
75804,191681,0.375
150791,956143,0.375
85292,955197,0.375
191681,1196320,0.375
915302,991357,0.375
932308,968858,0.375
752497,1131983,0.375
150791,567826,0.375
63135,1131983,0.375
806628,860878,0.375
524,386383,0.375
561586,693722,0.375
439660,993124,0.375
72067,150791,0.375
406193,919642,0.375
547526,1036612,0.375
374403,796517,0.3684210526315789
446415,489468,0.3684210526315789
783340,796517,0.3684210526315789
356071,635762,0.3684210526315789
489468,796517,0.3684210526315789
356071,1064412,0.3684210526315789
111675,356071,0.3684210526315789
446415,783340,0.3684210526315789
88396,356071,0.3684210526315789
374403,446415,0.3684210526315789
571435,919604,0.36363636363636365
966235,1099381,0.36363636363636365
65676,1050636,0.36363636363636365
557660,919604,0.36363636363636365
79731,1004797,0.36363636363636365
297216,623181,0.36363636363636365
1013131,1017299,0.36363636363636365
609334,1013131,0.36363636363636365
1478,571435,0.36363636363636365
1478,1033730,0.36363636363636365
21192,957710,0.36363636363636365
65676,1073850,0.36363636363636365
806628,1033730,0.36363636363636365
966235,1167210,0.36363636363636365
186440,418013,0.36363636363636365
31931,111675,0.36363636363636365
1478,557660,0.36363636363636365
65676,102089,0.36363636363636365
757704,966235,0.36363636363636365
350060,809314,0.36363636363636365
197645,297216,0.36363636363636365
557660,806628,0.36363636363636365
689133,1004797,0.36363636363636365
1013131,1173287,0.36363636363636365
990766,1047869,0.36363636363636365
137021,974909,0.36363636363636365
311651,1013131,0.36363636363636365
297216,1003394,0.36363636363636365
726544,732105,0.36363636363636365
199230,261307,0.36363636363636365
543647,966235,0.36363636363636365
166742,569825,0.36363636363636365
1080096,1146755,0.36363636363636365
156708,261307,0.36363636363636365
561426,806628,0.36363636363636365
809314,1060500,0.36363636363636365
139024,231001,0.36363636363636365
470729,919604,0.36363636363636365
169045,186440,0.36363636363636365
65676,586081,0.36363636363636365
297216,772166,0.36363636363636365
1478,470729,0.36363636363636365
65676,931655,0.36363636363636365
561426,919604,0.36363636363636365
470729,806628,0.36363636363636365
197645,453815,0.36363636363636365
63417,1146755,0.36363636363636365
474444,809314,0.36363636363636365
571435,806628,0.36363636363636365
1478,561426,0.36363636363636365
919604,1033730,0.36363636363636365
148631,966235,0.36363636363636365
197645,894229,0.36363636363636365
489468,1166277,0.35714285714285715
895242,1064412,0.35714285714285715
1082548,1115910,0.35714285714285715
581486,878347,0.35714285714285715
812460,963160,0.35714285714285715
1478,532152,0.35714285714285715
489468,767799,0.35714285714285715
860539,906496,0.35714285714285715
151704,1174681,0.35714285714285715
4300,208644,0.35714285714285715
467265,1131810,0.35714285714285715
702173,1082548,0.35714285714285715
50739,767133,0.35714285714285715
52035,878347,0.35714285714285715
1141864,1198374,0.35714285714285715
701771,1036926,0.35714285714285715
286055,1115910,0.35714285714285715
563488,701796,0.35714285714285715
4300,444241,0.35714285714285715
873151,1195986,0.35714285714285715
116937,767650,0.35714285714285715
702173,966235,0.35714285714285715
873151,1123797,0.35714285714285715
581047,1158384,0.35714285714285715
767133,1124966,0.35714285714285715
50663,994513,0.35714285714285715
49177,912267,0.35714285714285715
687784,1210725,0.35714285714285715
149609,672324,0.35714285714285715
363423,524035,0.35714285714285715
72067,239428,0.35714285714285715
581047,1033376,0.35714285714285715
49177,733057,0.35714285714285715
889067,1198374,0.35714285714285715
239428,483825,0.35714285714285715
286055,702173,0.35714285714285715
225224,239428,0.35714285714285715
361657,767133,0.35714285714285715
70469,638687,0.35714285714285715
638687,1131983,0.35714285714285715
489468,744732,0.35714285714285715
281813,412257,0.35714285714285715
963160,1210725,0.35714285714285715
469315,1081150,0.35714285714285715
692775,873151,0.35714285714285715
68296,707753,0.35714285714285715
391371,1198374,0.35714285714285715
563488,733057,0.35714285714285715
786844,1158384,0.35714285714285715
602189,812460,0.35714285714285715
49177,701796,0.35714285714285715
489468,504914,0.35714285714285715
64846,906496,0.35714285714285715
155168,239428,0.35714285714285715
149609,459931,0.35714285714285715
1154436,1210725,0.35714285714285715
281809,767133,0.35714285714285715
68296,701771,0.35714285714285715
533106,714780,0.35714285714285715
687784,812460,0.35714285714285715
569381,638687,0.35714285714285715
149609,474444,0.35714285714285715
966235,1115910,0.35714285714285715
577588,1081150,0.35714285714285715
786844,1033376,0.35714285714285715
363423,464916,0.35714285714285715
873151,968858,0.35714285714285715
707753,1036926,0.35714285714285715
638687,1126736,0.35714285714285715
239428,265361,0.35714285714285715
1064412,1131810,0.35714285714285715
4300,695546,0.35714285714285715
767133,812122,0.35714285714285715
25174,638687,0.35714285714285715
13020,906496,0.35714285714285715
647958,812460,0.35714285714285715
116937,506623,0.35714285714285715
412257,659081,0.35714285714285715
84492,116937,0.35714285714285715
906496,973102,0.35714285714285715
563488,912267,0.35714285714285715
50663,982057,0.35714285714285715
467265,895242,0.35714285714285715
64790,301411,0.35294117647058826
64790,704160,0.35294117647058826
64790,737304,0.35294117647058826
64790,336140,0.35294117647058826
574266,631205,0.35294117647058826
151827,631205,0.35294117647058826
631205,772060,0.35294117647058826
519141,781766,0.35
781766,856645,0.35
82987,115085,0.35
115085,712179,0.35
781766,991583,0.35
363423,973333,0.35
335923,365356,0.3333333333333333
147746,901351,0.3333333333333333
361839,497272,0.3333333333333333
169836,623181,0.3333333333333333
177477,1058449,0.3333333333333333
88396,467265,0.3333333333333333
203799,548848,0.3333333333333333
551867,559932,0.3333333333333333
1130824,1173287,0.3333333333333333
4943,354468,0.3333333333333333
249495,804127,0.3333333333333333
561426,919642,0.3333333333333333
16240,1185370,0.3333333333333333
32241,479117,0.3333333333333333
609334,751312,0.3333333333333333
1013131,1060112,0.3333333333333333
742514,851180,0.3333333333333333
616379,996994,0.3333333333333333
697870,1133781,0.3333333333333333
245660,269899,0.3333333333333333
918420,1080096,0.3333333333333333
120380,1123797,0.3333333333333333
601915,613697,0.3333333333333333
693722,1174681,0.3333333333333333
19706,995884,0.3333333333333333
995884,1153215,0.3333333333333333
50663,737048,0.3333333333333333
366714,912267,0.3333333333333333
455041,1106842,0.3333333333333333
804127,940949,0.3333333333333333
80932,651513,0.3333333333333333
211912,1185370,0.3333333333333333
571435,919972,0.3333333333333333
672324,809314,0.3333333333333333
836001,990766,0.3333333333333333
947798,1080096,0.3333333333333333
300975,1146042,0.3333333333333333
206476,1200526,0.3333333333333333
249495,1071486,0.3333333333333333
300333,350060,0.3333333333333333
712019,1059756,0.3333333333333333
238742,1054261,0.3333333333333333
902767,947523,0.3333333333333333
685058,707753,0.3333333333333333
915812,1106842,0.3333333333333333
206476,249495,0.3333333333333333
361657,812122,0.3333333333333333
947798,1185370,0.3333333333333333
1080096,1185370,0.3333333333333333
412257,880265,0.3333333333333333
305889,1067290,0.3333333333333333
249495,1195485,0.3333333333333333
468076,918420,0.3333333333333333
559932,915812,0.3333333333333333
164122,712019,0.3333333333333333
571435,919642,0.3333333333333333
228540,792263,0.3333333333333333
551867,1106842,0.3333333333333333
697870,995884,0.3333333333333333
245660,915812,0.3333333333333333
330488,361657,0.3333333333333333
63417,611017,0.3333333333333333
363047,1074505,0.3333333333333333
78456,335820,0.3333333333333333
995884,1133781,0.3333333333333333
16240,962196,0.3333333333333333
242741,940949,0.3333333333333333
742514,885085,0.3333333333333333
363047,723126,0.3333333333333333
537793,712019,0.3333333333333333
231065,796439,0.3333333333333333
197379,219123,0.3333333333333333
242741,804127,0.3333333333333333
269899,455041,0.3333333333333333
751312,1173287,0.3333333333333333
425774,474444,0.3333333333333333
9213,1050553,0.3333333333333333
366714,701796,0.3333333333333333
609334,1174557,0.3333333333333333
366300,613697,0.3333333333333333
866237,1146042,0.3333333333333333
78456,98775,0.3333333333333333
479820,522756,0.3333333333333333
4943,224870,0.3333333333333333
199230,497272,0.3333333333333333
340240,1146042,0.3333333333333333
199230,703699,0.3333333333333333
684821,714289,0.3333333333333333
784606,962717,0.3333333333333333
201790,796439,0.3333333333333333
586247,1143133,0.3333333333333333
269899,1106842,0.3333333333333333
425774,672324,0.3333333333333333
224870,1073850,0.3333333333333333
4943,586081,0.3333333333333333
503510,885085,0.3333333333333333
354468,762330,0.3333333333333333
1071486,1200526,0.3333333333333333
611017,947798,0.3333333333333333
901351,973208,0.3333333333333333
63417,918420,0.3333333333333333
350060,425774,0.3333333333333333
156708,703699,0.3333333333333333
479117,613697,0.3333333333333333
84825,691105,0.3333333333333333
49235,860539,0.3333333333333333
459931,474444,0.3333333333333333
614247,637302,0.3333333333333333
366300,601915,0.3333333333333333
366714,756693,0.3333333333333333
300967,497272,0.3333333333333333
32241,366300,0.3333333333333333
425774,1060500,0.3333333333333333
1060112,1173287,0.3333333333333333
261307,497272,0.3333333333333333
916774,1013131,0.3333333333333333
4943,1050636,0.3333333333333333
245660,455041,0.3333333333333333
361657,918424,0.3333333333333333
503510,851180,0.3333333333333333
300333,425774,0.3333333333333333
637302,1001898,0.3333333333333333
468106,836001,0.3333333333333333
63417,947798,0.3333333333333333
361657,1017233,0.3333333333333333
468076,611017,0.3333333333333333
701771,1050553,0.3333333333333333
291267,1056318,0.3333333333333333
9213,347126,0.3333333333333333
387980,698552,0.3333333333333333
634606,712019,0.3333333333333333
303333,712019,0.3333333333333333
804127,1200526,0.3333333333333333
16240,611017,0.3333333333333333
479117,601915,0.3333333333333333
284933,1073850,0.3333333333333333
147746,973208,0.3333333333333333
169836,772166,0.3333333333333333
80932,996994,0.3333333333333333
361839,703699,0.3333333333333333
341597,1058449,0.3333333333333333
4943,102089,0.3333333333333333
63417,1185370,0.3333333333333333
918420,947798,0.3333333333333333
291267,991052,0.3333333333333333
206476,940949,0.3333333333333333
366357,697870,0.3333333333333333
120380,544528,0.3333333333333333
245660,551867,0.3333333333333333
468076,962196,0.3333333333333333
249495,1120760,0.3333333333333333
40253,63417,0.3333333333333333
61849,387980,0.3333333333333333
515093,891716,0.3333333333333333
916774,1210449,0.3333333333333333
197379,955197,0.3333333333333333
50663,206027,0.3333333333333333
52035,243953,0.3333333333333333
425774,459931,0.3333333333333333
9213,685058,0.3333333333333333
211912,611017,0.3333333333333333
1060112,1210449,0.3333333333333333
919642,1033730,0.3333333333333333
347126,701771,0.3333333333333333
4943,284933,0.3333333333333333
459931,809314,0.3333333333333333
169836,1003394,0.3333333333333333
916774,1173287,0.3333333333333333
548848,714289,0.3333333333333333
335923,837395,0.3333333333333333
919972,1033730,0.3333333333333333
40253,1080096,0.3333333333333333
363047,594216,0.3333333333333333
16240,918420,0.3333333333333333
203799,684821,0.3333333333333333
350528,957710,0.3333333333333333
31931,410735,0.3333333333333333
311651,916774,0.3333333333333333
697870,1153215,0.3333333333333333
611017,1080096,0.3333333333333333
224905,1074505,0.3333333333333333
366300,403101,0.3333333333333333
1054261,1105342,0.3333333333333333
84492,1144172,0.3333333333333333
206476,242741,0.3333333333333333
474444,672324,0.3333333333333333
468076,1185370,0.3333333333333333
693722,1106153,0.3333333333333333
470729,919642,0.3333333333333333
616379,651513,0.3333333333333333
366714,896202,0.3333333333333333
311651,1060112,0.3333333333333333
557660,919642,0.3333333333333333
228540,290170,0.3333333333333333
581962,1058449,0.3333333333333333
403101,479117,0.3333333333333333
211912,918420,0.3333333333333333
446415,504914,0.3157894736842105
446415,1166277,0.3157894736842105
796517,1166277,0.3157894736842105
356071,1131810,0.3157894736842105
356071,895242,0.3157894736842105
504914,796517,0.3157894736842105
150791,225224,0.3125
84492,282566,0.3125
84492,598728,0.3125
406193,1033730,0.3125
377881,1048089,0.3125
752497,1126736,0.3125
860878,1033730,0.3125
282566,767650,0.3125
63135,1126736,0.3125
956143,973208,0.3125
659115,1036612,0.3125
598728,767650,0.3125
959248,1036612,0.3125
506623,598728,0.3125
1478,406193,0.3125
150791,1147790,0.3125
467265,1033086,0.3125
959248,993124,0.3125
956143,977639,0.3125
72067,956143,0.3125
483497,1048089,0.3125
1478,860878,0.3125
150791,265361,0.3125
335820,664567,0.3125
282566,506623,0.3125
809314,1173791,0.3125
561426,860878,0.3125
659115,993124,0.3125
767799,1069116,0.3125
155168,956143,0.3125
744732,1069116,0.3125
406193,561426,0.3125
98775,664567,0.3125
287984,1026192,0.3076923076923077
692722,996994,0.3076923076923077
25174,796994,0.3076923076923077
358838,1194697,0.3076923076923077
312805,1090221,0.3076923076923077
443604,613697,0.3076923076923077
581486,842630,0.3076923076923077
651513,1147910,0.3076923076923077
70469,796994,0.3076923076923077
30549,1001298,0.3076923076923077
609334,639724,0.3076923076923077
796994,1126736,0.3076923076923077
651513,692722,0.3076923076923077
639724,1017299,0.3076923076923077
996994,1147910,0.3076923076923077
269899,1026192,0.3076923076923077
204323,603533,0.3076923076923077
169719,572376,0.3076923076923077
324575,974909,0.3076923076923077
481647,522756,0.3076923076923077
796994,1090221,0.3076923076923077
581486,1106153,0.3076923076923077
70469,312805,0.3076923076923077
312805,1126736,0.3076923076923077
245660,1026192,0.3076923076923077
581486,693722,0.3076923076923077
639724,1173287,0.3076923076923077
1157227,1185121,0.3076923076923077
366300,443604,0.3076923076923077
190900,1058449,0.3076923076923077
1026192,1106842,0.3076923076923077
286016,1194697,0.3076923076923077
581486,1174681,0.3076923076923077
443604,479117,0.3076923076923077
443604,601915,0.3076923076923077
639724,1210449,0.3076923076923077
25174,312805,0.3076923076923077
820898,974909,0.3076923076923077
243953,581486,0.3076923076923077
944678,1194697,0.3076923076923077
529661,837395,0.3076923076923077
865766,1194697,0.3076923076923077
30549,376504,0.3076923076923077
139024,443604,0.3076923076923077
311651,639724,0.3076923076923077
659115,1194697,0.3076923076923077
959248,1194697,0.3076923076923077
350528,860031,0.3
772976,866237,0.3
860031,955197,0.3
529281,693722,0.3
551867,659081,0.3
524,259785,0.3
386383,1010517,0.3
947172,947523,0.3
569825,947172,0.3
84492,388855,0.3
287984,559932,0.3
524,1202955,0.3
382431,947172,0.3
99025,792263,0.3
197332,920752,0.3
60252,120380,0.3
382431,902767,0.3
69596,569381,0.3
69596,1131983,0.3
25988,958624,0.3
382431,1181858,0.3
363047,595403,0.3
169836,229077,0.3
388855,506623,0.3
524,1058184,0.3
474248,851180,0.3
559882,707507,0.3
888056,920752,0.3
524,706713,0.3
659081,915812,0.3
529606,559882,0.3
569825,958624,0.3
186440,885085,0.3
947523,958624,0.3
224905,595403,0.3
120380,510622,0.3
366714,733057,0.3
388855,767650,0.3
69596,220928,0.3
197379,860031,0.3
99025,290170,0.3
382431,958624,0.3
340240,772976,0.3
644180,1010517,0.3
791804,920752,0.3
269899,287984,0.3
281813,659081,0.3
25988,947172,0.3
966235,974408,0.2962962962962963
64846,631205,0.29411764705882354
631205,860539,0.29411764705882354
13020,631205,0.29411764705882354
64790,256056,0.29411764705882354
631205,973102,0.29411764705882354
366714,563488,0.2857142857142857
894755,1050553,0.2857142857142857
982057,991052,0.2857142857142857
287984,412257,0.2857142857142857
149609,310150,0.2857142857142857
151704,398934,0.2857142857142857
153096,347126,0.2857142857142857
155048,1098976,0.2857142857142857
415812,469315,0.2857142857142857
675835,1115910,0.2857142857142857
767133,918424,0.2857142857142857
155048,171489,0.2857142857142857
792738,873151,0.2857142857142857
638687,796994,0.2857142857142857
149609,1060500,0.2857142857142857
347126,894755,0.2857142857142857
842630,878347,0.2857142857142857
382042,522756,0.2857142857142857
982057,1056318,0.2857142857142857
910354,1036926,0.2857142857142857
49983,474248,0.2857142857142857
470729,532152,0.2857142857142857
9213,1036926,0.2857142857142857
415812,577588,0.2857142857142857
702173,1167210,0.2857142857142857
873151,932308,0.2857142857142857
122433,169836,0.2857142857142857
149609,418195,0.2857142857142857
533106,1131008,0.2857142857142857
311651,751312,0.2857142857142857
675835,702173,0.2857142857142857
312805,638687,0.2857142857142857
84825,116937,0.2857142857142857
186440,474248,0.2857142857142857
767650,1144172,0.2857142857142857
151704,878347,0.2857142857142857
506623,1144172,0.2857142857142857
532152,571435,0.2857142857142857
47884,1074505,0.2857142857142857
561426,919972,0.2857142857142857
532152,561426,0.2857142857142857
153096,1050553,0.2857142857142857
151704,561586,0.2857142857142857
878347,1174681,0.2857142857142857
412257,1106842,0.2857142857142857
269899,412257,0.2857142857142857
270354,469315,0.2857142857142857
25988,947523,0.2857142857142857
49177,366714,0.2857142857142857
110355,572376,0.2857142857142857
751312,1210449,0.2857142857142857
1115910,1167210,0.2857142857142857
68296,910354,0.2857142857142857
474248,852031,0.2857142857142857
634018,1130438,0.2857142857142857
812122,1017233,0.2857142857142857
532152,1033730,0.2857142857142857
9213,68296,0.2857142857142857
387980,991052,0.2857142857142857
151704,243953,0.2857142857142857
545887,559932,0.2857142857142857
994513,1056318,0.2857142857142857
287673,1153215,0.2857142857142857
287673,697870,0.2857142857142857
25988,902767,0.2857142857142857
878347,1106153,0.2857142857142857
151704,529281,0.2857142857142857
330488,767133,0.2857142857142857
350528,955197,0.2857142857142857
455041,559932,0.2857142857142857
991052,994513,0.2857142857142857
270354,577588,0.2857142857142857
532152,557660,0.2857142857142857
239428,901351,0.2857142857142857
245660,412257,0.2857142857142857
902767,1069564,0.2857142857142857
151704,1106153,0.2857142857142857
169836,224432,0.2857142857142857
19706,287673,0.2857142857142857
363423,521003,0.2857142857142857
151704,842630,0.2857142857142857
227468,907486,0.2857142857142857
287673,1133781,0.2857142857142857
50739,1058748,0.2777777777777778
880265,1106842,0.2777777777777778
712019,737304,0.2777777777777778
336140,712019,0.2777777777777778
310697,481647,0.2777777777777778
361657,1058748,0.2777777777777778
281809,1058748,0.2777777777777778
310697,522756,0.2777777777777778
1025600,1171366,0.2777777777777778
245660,880265,0.2777777777777778
812122,1058748,0.2777777777777778
559932,880265,0.2777777777777778
704160,712019,0.2777777777777778
301411,712019,0.2777777777777778
281813,880265,0.2777777777777778
418013,474248,0.2727272727272727
122433,197645,0.2727272727272727
69296,1181858,0.2727272727272727
166742,958624,0.2727272727272727
122433,894229,0.2727272727272727
155048,188132,0.2727272727272727
815557,910354,0.2727272727272727
25988,69296,0.2727272727272727
569825,1016351,0.2727272727272727
25988,1016351,0.2727272727272727
122433,453815,0.2727272727272727
155048,989839,0.2727272727272727
261307,1084803,0.2727272727272727
169045,474248,0.2727272727272727
166742,1069564,0.2727272727272727
21192,955197,0.2727272727272727
707753,910354,0.2727272727272727
966235,1082548,0.2727272727272727
1016351,1181858,0.2727272727272727
468106,1047869,0.2727272727272727
286055,966235,0.2727272727272727
69296,166742,0.2727272727272727
21192,350528,0.2727272727272727
894755,910354,0.2727272727272727
910354,1050553,0.2727272727272727
153096,910354,0.2727272727272727
261307,966955,0.2727272727272727
911606,1013131,0.2727272727272727
910354,1138185,0.2727272727272727
21192,197379,0.2727272727272727
250251,350060,0.2727272727272727
955633,1157227,0.2727272727272727
347126,910354,0.2727272727272727
169836,297216,0.2727272727272727
650658,1111763,0.2727272727272727
1040659,1133068,0.2727272727272727
139024,613697,0.2727272727272727
1013131,1130824,0.2727272727272727
65676,354468,0.2727272727272727
370991,453815,0.2727272727272727
69296,569825,0.2727272727272727
370991,894229,0.2727272727272727
214249,910354,0.2727272727272727
166742,947172,0.2727272727272727
166742,1016351,0.2727272727272727
701796,756693,0.26666666666666666
896202,1150933,0.26666666666666666
31931,88396,0.26666666666666666
756693,912267,0.26666666666666666
912267,1150933,0.26666666666666666
701796,1150933,0.26666666666666666
858374,1080096,0.26666666666666666
916774,1017299,0.26666666666666666
609334,916774,0.26666666666666666
366714,1150933,0.26666666666666666
756693,896202,0.26666666666666666
1017299,1060112,0.26666666666666666
609334,1060112,0.26666666666666666
63417,211912,0.26666666666666666
63417,858374,0.26666666666666666
618141,891716,0.26666666666666666
211912,1080096,0.26666666666666666
270354,1048089,0.26666666666666666
415812,1048089,0.26666666666666666
356071,467265,0.2631578947368421
767799,796517,0.2631578947368421
744732,796517,0.2631578947368421
446415,767799,0.2631578947368421
446415,744732,0.2631578947368421
974408,1115910,0.25925925925925924
702173,974408,0.25925925925925924
370486,974408,0.25925925925925924
84825,282566,0.25
300333,672324,0.25
147746,150791,0.25
190900,760342,0.25
418195,672324,0.25
406193,571435,0.25
459931,1060500,0.25
146938,1144172,0.25
284933,354468,0.25
377881,1081150,0.25
474248,742514,0.25
54773,190900,0.25
239428,956143,0.25
282566,388855,0.25
944678,1036612,0.25
703699,1084803,0.25
388855,598728,0.25
677787,1140300,0.25
169836,370991,0.25
286016,993124,0.25
406193,557660,0.25
231001,366300,0.25
291267,698552,0.25
363047,1182984,0.25
224870,354468,0.25
242741,1200526,0.25
560142,979690,0.25
310150,672324,0.25
483497,997247,0.25
224432,370991,0.25
703699,966955,0.25
225224,956143,0.25
291267,387980,0.25
49983,742514,0.25
261307,703699,0.25
923098,979690,0.25
300967,703699,0.25
672324,1060500,0.25
944678,993124,0.25
197645,847798,0.25
524035,973333,0.25
571435,860878,0.25
270354,997247,0.25
388855,691105,0.25
569825,947523,0.25
464916,973333,0.25
479820,650658,0.25
49983,503510,0.25
370991,772166,0.25
459931,1173791,0.25
497272,703699,0.25
224905,1182984,0.25
865766,993124,0.25
281813,545887,0.25
522756,650658,0.25
1140300,1180312,0.25
567826,956143,0.25
84825,598728,0.25
300333,459931,0.25
284475,836001,0.25
474248,503510,0.25
415812,997247,0.25
231001,479117,0.25
406193,470729,0.25
812122,1124966,0.25
483497,1081150,0.25
377881,997247,0.25
470729,860878,0.25
524,644180,0.25
742514,852031,0.25
557660,860878,0.25
483825,956143,0.25
738050,1146042,0.25
569825,902767,0.25
243953,693722,0.25
370991,623181,0.25
956143,1147790,0.25
286016,1036612,0.25
672324,1173791,0.25
123652,242741,0.25
474444,1173791,0.25
865766,1036612,0.25
61849,291267,0.25
310150,459931,0.25
503510,852031,0.25
122433,847798,0.25
418195,459931,0.25
242741,249495,0.25
370991,1003394,0.25
387980,1056318,0.25
31931,1033086,0.25
971513,1066924,0.23529411764705882
106852,341597,0.23076923076923078
603533,708271,0.23076923076923078
69596,796994,0.23076923076923078
639724,1174557,0.23076923076923078
190900,341597,0.23076923076923078
169719,781766,0.23076923076923078
476365,793834,0.23076923076923078
481647,1111763,0.23076923076923078
639724,1130824,0.23076923076923078
190900,581962,0.23076923076923078
106852,177477,0.23076923076923078
69596,312805,0.23076923076923078
561586,581486,0.23076923076923078
639724,911606,0.23076923076923078
187319,190900,0.23076923076923078
572376,1077555,0.23076923076923078
177477,190900,0.23076923076923078
115085,204323,0.23076923076923078
106852,581962,0.23076923076923078
545887,1026192,0.23076923076923078
476365,1190533,0.23076923076923078
106852,1058449,0.23076923076923078
559932,1026192,0.23076923076923078
529281,581486,0.23076923076923078
398934,581486,0.23076923076923078
572376,727261,0.23076923076923078
751142,1190533,0.23076923076923078
603533,1110120,0.23076923076923078
190900,935955,0.23076923076923078
751142,793834,0.23076923076923078
455041,1026192,0.23076923076923078
304759,1185121,0.23076923076923078
418195,474444,0.2222222222222222
341597,935955,0.2222222222222222
366357,1133246,0.2222222222222222
269899,915812,0.2222222222222222
281813,915812,0.2222222222222222
551867,880265,0.2222222222222222
918424,1058748,0.2222222222222222
171489,784606,0.2222222222222222
581962,935955,0.2222222222222222
269899,880265,0.2222222222222222
659081,880265,0.2222222222222222
764143,887210,0.2222222222222222
187319,341597,0.2222222222222222
757704,974408,0.2222222222222222
345910,1171366,0.2222222222222222
350060,1060500,0.2222222222222222
88606,137432,0.2222222222222222
783610,979690,0.2222222222222222
880265,915812,0.2222222222222222
148631,974408,0.2222222222222222
19706,955539,0.2222222222222222
287673,1133246,0.2222222222222222
974408,1099381,0.2222222222222222
177477,935955,0.2222222222222222
19706,1133246,0.2222222222222222
300333,474444,0.2222222222222222
330488,1058748,0.2222222222222222
287673,955539,0.2222222222222222
697870,1133246,0.2222222222222222
137432,691063,0.2222222222222222
310697,1111763,0.2222222222222222
155221,883644,0.2222222222222222
187319,581962,0.2222222222222222
697870,955539,0.2222222222222222
955539,1133781,0.2222222222222222
764143,1017123,0.2222222222222222
69596,70469,0.2222222222222222
269899,551867,0.2222222222222222
287984,880265,0.2222222222222222
262594,836001,0.2222222222222222
269899,545887,0.2222222222222222
784606,1098976,0.2222222222222222
995884,1133246,0.2222222222222222
197379,957710,0.2222222222222222
281813,551867,0.2222222222222222
256056,712019,0.2222222222222222
88606,435442,0.2222222222222222
955539,995884,0.2222222222222222
435442,691063,0.2222222222222222
177477,187319,0.2222222222222222
25174,69596,0.2222222222222222
366357,955539,0.2222222222222222
543647,974408,0.2222222222222222
465666,764143,0.2222222222222222
971513,1019102,0.2222222222222222
412257,455041,0.21428571428571427
147746,239428,0.21428571428571427
188132,533106,0.21428571428571427
930665,1190533,0.21428571428571427
152356,634018,0.21428571428571427
561586,878347,0.21428571428571427
698552,994513,0.21428571428571427
61849,982057,0.21428571428571427
793834,1075314,0.21428571428571427
795041,923098,0.21428571428571427
243953,878347,0.21428571428571427
387980,994513,0.21428571428571427
529281,878347,0.21428571428571427
335820,797779,0.21428571428571427
116937,1144172,0.21428571428571427
31931,1131810,0.21428571428571427
793834,930665,0.21428571428571427
120380,873151,0.21428571428571427
149609,350060,0.21428571428571427
1036926,1050553,0.21428571428571427
61849,994513,0.21428571428571427
533106,962717,0.21428571428571427
98775,797779,0.21428571428571427
698552,982057,0.21428571428571427
812460,1154436,0.21428571428571427
31931,895242,0.21428571428571427
1075314,1190533,0.21428571428571427
347126,1036926,0.21428571428571427
398934,878347,0.21428571428571427
4300,425589,0.21428571428571427
387980,982057,0.21428571428571427
116937,388855,0.21428571428571427
149609,300333,0.21428571428571427
767133,1017233,0.21428571428571427
69596,638687,0.21428571428571427
68296,347126,0.21428571428571427
87437,227468,0.21428571428571427
412257,545887,0.21428571428571427
52035,151704,0.21428571428571427
68296,1050553,0.21428571428571427
412257,559932,0.21428571428571427
560142,795041,0.21428571428571427
533106,989839,0.21428571428571427
31931,356071,0.21052631578947367
310150,474444,0.2
388855,1144172,0.2
572376,991583,0.2
751312,1174557,0.2
515093,831517,0.2
220928,1090221,0.2
82987,603533,0.2
134966,190939,0.2
902767,958624,0.2
916774,1130824,0.2
455041,659081,0.2
760342,1058449,0.2
1090221,1126736,0.2
831517,891716,0.2
1017299,1174557,0.2
521003,973333,0.2
78456,797779,0.2
25174,1090221,0.2
54773,1058449,0.2
185483,620929,0.2
618141,831517,0.2
595403,1074505,0.2
25988,382431,0.2
519141,572376,0.2
287984,545887,0.2
84825,388855,0.2
902767,947172,0.2
603533,712179,0.2
916774,1174557,0.2
287984,455041,0.2
382431,1069564,0.2
382431,947523,0.2
382431,569825,0.2
1060112,1174557,0.2
1090221,1131983,0.2
569381,1090221,0.2
376899,620929,0.2
751312,1130824,0.2
751312,911606,0.2
659081,1106842,0.2
245660,659081,0.2
559932,659081,0.2
70469,1090221,0.2
911606,916774,0.2
84825,1144172,0.2
572376,856645,0.2
387980,737048,0.2
1060112,1130824,0.2
911606,1060112,0.2
1130824,1174557,0.2
110355,727261,0.19047619047619047
110355,169719,0.19047619047619047
110355,781766,0.19047619047619047
110355,1077555,0.19047619047619047
418195,1173791,0.1875
211157,1129109,0.1875
483497,577588,0.1875
377881,864807,0.1875
69596,752497,0.1875
270354,483497,0.1875
94732,389819,0.1875
752497,1090221,0.1875
265361,956143,0.1875
377881,835116,0.1875
377881,469315,0.1875
63135,1090221,0.1875
310150,1173791,0.1875
415812,483497,0.1875
94732,447282,0.1875
282566,1144172,0.1875
1060500,1173791,0.1875
377881,577588,0.1875
147746,956143,0.1875
598728,1144172,0.1875
483497,864807,0.1875
377881,415812,0.1875
350060,1173791,0.1875
483497,835116,0.1875
469315,483497,0.1875
664567,797779,0.1875
150791,901351,0.1875
63135,69596,0.1875
270354,377881,0.1875
974408,1082548,0.18518518518518517
286055,974408,0.18518518518518517
188132,784606,0.18181818181818182
197645,229077,0.18181818181818182
1013131,1174557,0.18181818181818182
751312,1013131,0.18181818181818182
229077,894229,0.18181818181818182
947523,1016351,0.18181818181818182
479820,1111763,0.18181818181818182
169836,197645,0.18181818181818182
229077,453815,0.18181818181818182
675835,966235,0.18181818181818182
197645,224432,0.18181818181818182
382042,1111763,0.18181818181818182
701771,910354,0.18181818181818182
919604,919972,0.18181818181818182
197645,623181,0.18181818181818182
197645,772166,0.18181818181818182
1478,919972,0.18181818181818182
784606,989839,0.18181818181818182
166742,947523,0.18181818181818182
166742,902767,0.18181818181818182
166742,382431,0.18181818181818182
197645,370991,0.18181818181818182
836001,1047869,0.18181818181818182
69296,947523,0.18181818181818182
806628,919972,0.18181818181818182
197645,1003394,0.18181818181818182
304759,1157227,0.18181818181818182
108091,389819,0.17647058823529413
1060373,1129109,0.17647058823529413
376899,1070961,0.17647058823529413
108091,447282,0.17647058823529413
185483,1070961,0.17647058823529413
229077,847798,0.16666666666666666
186440,503510,0.16666666666666666
347126,685058,0.16666666666666666
594216,1074505,0.16666666666666666
224432,847798,0.16666666666666666
723126,1074505,0.16666666666666666
691105,1144172,0.16666666666666666
978481,1074505,0.16666666666666666
1074505,1134963,0.16666666666666666
459254,1154436,0.16666666666666666
459254,687784,0.16666666666666666
350060,459931,0.16666666666666666
79731,297190,0.16666666666666666
297190,689133,0.16666666666666666
370991,847798,0.16666666666666666
310697,382042,0.16666666666666666
458492,1074505,0.16666666666666666
186440,742514,0.16666666666666666
1074505,1117350,0.16666666666666666
685058,1050553,0.16666666666666666
919642,919972,0.16666666666666666
350060,672324,0.16666666666666666
1017233,1058748,0.16666666666666666
455041,880265,0.16666666666666666
310697,650658,0.16666666666666666
269230,1074505,0.16666666666666666
291267,737048,0.16666666666666666
206027,291267,0.16666666666666666
106852,935955,0.15384615384615385
551867,1026192,0.15384615384615385
764143,913551,0.15384615384615385
106852,187319,0.15384615384615385
915812,1026192,0.15384615384615385
781766,1077555,0.15384615384615385
106852,1122472,0.15384615384615385
115085,1110120,0.15384615384615385
115085,708271,0.15384615384615385
74481,106852,0.15384615384615385
639724,751312,0.15384615384615385
18852,106852,0.15384615384615385
727261,781766,0.15384615384615385
169719,856645,0.15
581962,760342,0.15
708271,712179,0.15
54773,177477,0.15
82987,1110120,0.15
169719,991583,0.15
54773,581962,0.15
187319,760342,0.15
82987,204323,0.15
54773,341597,0.15
82987,708271,0.15
204323,712179,0.15
991583,1077555,0.15
519141,727261,0.15
169719,519141,0.15
54773,187319,0.15
760342,935955,0.15
856645,1077555,0.15
54773,935955,0.15
519141,1077555,0.15
341597,760342,0.15
727261,856645,0.15
712179,1110120,0.15
727261,991583,0.15
177477,760342,0.15
974408,1167210,0.14814814814814814
675835,974408,0.14814814814814814
751142,930665,0.14285714285714285
47884,594216,0.14285714285714285
737048,994513,0.14285714285714285
532152,919972,0.14285714285714285
412257,551867,0.14285714285714285
795041,979690,0.14285714285714285
737048,982057,0.14285714285714285
206027,387980,0.14285714285714285
476365,930665,0.14285714285714285
151704,581486,0.14285714285714285
533106,1098976,0.14285714285714285
412257,915812,0.14285714285714285
476365,1075314,0.14285714285714285
47884,723126,0.14285714285714285
171489,533106,0.14285714285714285
4300,652202,0.14285714285714285
206027,982057,0.14285714285714285
311651,1174557,0.14285714285714285
459254,1210725,0.14285714285714285
751142,1075314,0.14285714285714285
1174557,1210449,0.14285714285714285
638687,1090221,0.14285714285714285
4300,453707,0.14285714285714285
206027,994513,0.14285714285714285
751312,1060112,0.13333333333333333
190939,741325,0.13333333333333333
751312,916774,0.13333333333333333
29005,499657,0.1320754716981132
29005,50739,0.1320754716981132
29005,1160846,0.1320754716981132
300333,1173791,0.125
1074505,1182984,0.125
723126,1182984,0.125
901351,956143,0.125
406193,919972,0.125
594216,1182984,0.125
860878,919972,0.125
922849,1103148,0.11764705882352941
29005,281809,0.11320754716981132
1058449,1122472,0.1111111111111111
545887,551867,0.1111111111111111
74481,1058449,0.1111111111111111
455041,915812,0.1111111111111111
455041,551867,0.1111111111111111
955539,1153215,0.1111111111111111
74481,935955,0.1111111111111111
350060,474444,0.1111111111111111
310697,479820,0.1111111111111111
1133246,1133781,0.1111111111111111
935955,1122472,0.1111111111111111
1133246,1153215,0.1111111111111111
18852,935955,0.1111111111111111
18852,1058449,0.1111111111111111
74481,187319,0.1111111111111111
1173287,1174557,0.1111111111111111
545887,915812,0.1111111111111111
545887,880265,0.1111111111111111
187319,1122472,0.1111111111111111
18852,187319,0.1111111111111111
74481,760342,0.1
54773,74481,0.1
760342,1122472,0.1
18852,760342,0.1
595403,723126,0.1
54773,1122472,0.1
18852,54773,0.1
69596,1090221,0.1
545887,659081,0.1
594216,595403,0.1
29005,1058748,0.09433962264150944
29005,330488,0.09433962264150944
29005,767133,0.09433962264150944
29005,918424,0.09433962264150944
29005,1124966,0.09433962264150944
894229,1003394,0.09090909090909091
69296,902767,0.09090909090909091
453815,1003394,0.09090909090909091
623181,894229,0.09090909090909091
169836,894229,0.09090909090909091
382431,1016351,0.09090909090909091
169836,453815,0.09090909090909091
224432,894229,0.09090909090909091
772166,894229,0.09090909090909091
453815,772166,0.09090909090909091
902767,1016351,0.09090909090909091
224432,453815,0.09090909090909091
453815,623181,0.09090909090909091
69296,382431,0.09090909090909091
9213,910354,0.09090909090909091
847798,1003394,0.08333333333333333
459254,963160,0.08333333333333333
169836,847798,0.08333333333333333
623181,847798,0.08333333333333333
459254,602189,0.08333333333333333
459254,647958,0.08333333333333333
772166,847798,0.08333333333333333
479820,481647,0.07692307692307693
382042,481647,0.07692307692307693
74481,190900,0.07692307692307693
481647,650658,0.07692307692307693
190900,1122472,0.07692307692307693
18852,190900,0.07692307692307693
29005,361657,0.07547169811320754
29005,1017233,0.07547169811320754
459254,812460,0.07142857142857142
29005,812122,0.05660377358490566
